"","ID","department","latitude","longitude","date","sex","age","CODE_DEPT"
"1",1,"AUBE",48.633333,4,"20/01/2012","man",48,"10"
"2",2,"VIENNE",46.383333,0.883333,"20/01/2012","woman",40,"86"
"3",3,"HAUTE-MARNE",47.733333,5.266667,"20/01/2012","man",70,"52"
"4",4,"CHARENTE",45.883333,0.5,"20/01/2012","woman",76,"16"
"5",5,"EURE",49.333333,0.35,"20/01/2012","woman",9,"27"
"6",6,"CHARENTE",46.116667,0.783333,"20/01/2012","man",72,"16"
"7",7,"SOMME",50.1,1.583333,"20/01/2012","woman",9,"80"
"8",8,"INDRE-ET-LOIRE",47.133333,1.3,"20/01/2012","woman",86,"37"
"9",9,"MARNE",48.766667,4.666667,"20/01/2012","woman",16,"51"
"10",10,"MEURTHE-ET-MOSELLE",48.616667,6.05,"20/01/2012","woman",75,"54"
"11",11,"HAUTE-VIENNE",46.3,1.116667,"20/01/2012","man",8,"87"
"12",12,"HAUTE-VIENNE",45.9,1.116667,"20/01/2012","woman",59,"87"
"13",13,"CHARENTE",46,0.65,"20/01/2012","woman",84,"16"
"14",14,"VIENNE",46.333333,0.816667,"21/01/2012","man",28,"86"
"15",15,"SOMME",50.133333,1.516667,"21/01/2012","man",72,"80"
"16",16,"HAUTE-MARNE",48.15,4.85,"21/01/2012","woman",3,"52"
"17",17,"INDRE",46.733333,1.55,"21/01/2012","woman",90,"36"
"18",18,"SOMME",50.066667,1.533333,"21/01/2012","man",77,"80"
"19",19,"MOSELLE",49.483333,6.266667,"21/01/2012","woman",67,"57"
"20",20,"SEINE-MARITIME",50,1.316667,"21/01/2012","woman",66,"76"
"21",21,"MEURTHE-ET-MOSELLE",48.583333,6.6,"21/01/2012","woman",23,"54"
"22",22,"VIENNE",46.42108,1.12298,"21/01/2012","woman",13,"86"
"23",23,"SOMME",50.133333,1.666667,"21/01/2012","woman",43,"80"
"24",24,"HAUTE-MARNE",48.15,4.85,"23/01/2012","man",85,"52"
"25",25,"SOMME",50.3,1.916667,"23/01/2012","man",9,"80"
"26",26,"SEINE-MARITIME",49.866667,1.15,"23/01/2012","man",65,"76"
"27",27,"SOMME",50.033333,1.983333,"23/01/2012","woman",38,"80"
"28",28,"MOSELLE",49.016667,6.4,"23/01/2012","man",51,"57"
"29",29,"OISE",49.55,2.9,"23/01/2012","woman",66,"60"
"30",30,"SOMME",50.016667,1.983333,"23/01/2012","woman",0,"80"
"31",31,"HAUTE-MARNE",48.383333,4.916667,"23/01/2012","woman",5,"52"
"32",32,"CALVADOS",49.016667,-0.35,"23/01/2012","man",39,"14"
"33",33,"HAUTE-MARNE",47.9,5.7,"24/01/2012","woman",53,"52"
"34",34,"MOSELLE",48.85,6.616667,"24/01/2012","man",30,"57"
"35",35,"MEUSE",48.816667,5.333333,"24/01/2012","woman",31,"55"
"36",36,"PAS-DE-CALAIS",50.366667,2.533333,"24/01/2012","woman",86,"62"
"37",37,"HAUTE-MARNE",48.166667,4.916667,"24/01/2012","man",6,"52"
"38",38,"MEURTHE-ET-MOSELLE",48.45,6.033333,"24/01/2012","man",83,"54"
"39",39,"SOMME",50.083333,2,"24/01/2012","man",44,"80"
"40",40,"MEURTHE-ET-MOSELLE",48.716667,6.566667,"25/01/2012","woman",11,"54"
"41",41,"MOSELLE",48.666667,6.966667,"25/01/2012","man",84,"57"
"42",42,"HAUTE-MARNE",47.9,5.7,"25/01/2012","woman",53,"52"
"43",43,"MEURTHE-ET-MOSELLE",48.583333,6.066667,"25/01/2012","man",9,"54"
"44",44,"AISNE",49.666667,4.066667,"25/01/2012","man",27,"02"
"45",45,"CALVADOS",49.1,-0.433333,"25/01/2012","woman",53,"14"
"46",46,"OISE",49.55,2.633333,"26/01/2012","woman",35,"60"
"47",47,"PAS-DE-CALAIS",50.383333,2.15,"26/01/2012","man",61,"62"
"48",48,"VOSGES",48.316667,5.966667,"26/01/2012","man",6,"88"
"49",49,"AISNE",49.416667,3.516667,"26/01/2012","woman",88,"02"
"50",50,"PAS-DE-CALAIS",50.383333,2.15,"26/01/2012","woman",34,"62"
"51",51,"VOSGES",48.266667,5.85,"26/01/2012","woman",84,"88"
"52",52,"VIENNE",46.42108,1.12298,"30/01/2012","man",83,"86"
"53",53,"HAUTE-VIENNE",46.233333,1.033333,"30/01/2012","man",56,"87"
"54",54,"SEINE-MARITIME",49.816667,0.983333,"30/01/2012","man",52,"76"
"55",55,"SOMME",50.283333,1.816667,"30/01/2012","woman",48,"80"
"56",56,"MOSELLE",49,6.316667,"30/01/2012","man",67,"57"
"57",57,"AUBE",48.4,4.416667,"30/01/2012","man",77,"10"
"58",58,"VOSGES",48.383333,5.483333,"30/01/2012","woman",30,"88"
"59",59,"SEINE-MARITIME",49.666667,0.666667,"30/01/2012","man",24,"76"
"60",60,"AISNE",49.85,3.9,"30/01/2012","man",36,"02"
"61",61,"PAS-DE-CALAIS",50.366667,2.533333,"30/01/2012","man",48,"62"
"62",62,"VIENNE",46.35,0.7,"30/01/2012","man",18,"86"
"63",63,"AISNE",49.9,4.016667,"30/01/2012","woman",79,"02"
"64",64,"MOSELLE",48.666667,6.933333,"30/01/2012","man",28,"57"
"65",65,"AISNE",49.9,3.916667,"30/01/2012","woman",55,"02"
"66",66,"AISNE",49.933333,4,"30/01/2012","woman",20,"02"
"67",67,"SEINE-MARITIME",49.85,0.866667,"30/01/2012","woman",69,"76"
"68",68,"AUBE",48.366667,4.516667,"30/01/2012","man",52,"10"
"69",69,"SEINE-MARITIME",49.783333,1,"30/01/2012","man",0,"76"
"70",70,"VOSGES",48.066667,5.783333,"30/01/2012","woman",46,"88"
"71",71,"SEINE-MARITIME",49.866667,1.316667,"31/01/2012","woman",56,"76"
"72",72,"SEINE-MARITIME",49.766667,0.466667,"31/01/2012","man",14,"76"
"73",73,"MEUSE",48.716667,5.633333,"31/01/2012","woman",7,"55"
"74",74,"MEURTHE-ET-MOSELLE",48.666667,6.566667,"31/01/2012","woman",21,"54"
"75",75,"SOMME",49.95,1.683333,"31/01/2012","man",11,"80"
"76",76,"PAS-DE-CALAIS",50.383333,2.15,"31/01/2012","man",71,"62"
"77",77,"AISNE",49.883333,3.733333,"31/01/2012","woman",47,"02"
"78",78,"MEURTHE-ET-MOSELLE",48.8,6.2,"31/01/2012","man",22,"54"
"79",79,"HAUTE-MARNE",48.466667,4.966667,"31/01/2012","woman",47,"52"
"80",80,"SEINE-MARITIME",49.55,0.466667,"31/01/2012","man",25,"76"
"81",81,"VOSGES",48.366667,6.25,"31/01/2012","woman",27,"88"
"82",82,"VOSGES",48.35,5.975,"31/01/2012","woman",56,"88"
"83",83,"MOSELLE",48.9,6.65,"31/01/2012","woman",73,"57"
"84",84,"MEURTHE-ET-MOSELLE",48.733333,6.233333,"31/01/2012","woman",60,"54"
"85",85,"VIENNE",46.383333,0.883333,"31/01/2012","man",21,"86"
"86",86,"SOMME",50.083333,2.4,"31/01/2012","woman",27,"80"
"87",87,"VOSGES",48.35,6.083333,"31/01/2012","man",73,"88"
"88",88,"VOSGES",48.383333,6.7,"31/01/2012","woman",78,"88"
"89",89,"SEINE-MARITIME",49.816667,0.85,"31/01/2012","man",35,"76"
"90",90,"VOSGES",48.266667,5.8,"31/01/2012","woman",0,"88"
"91",91,"INDRE",47.183333,1.716667,"31/01/2012","woman",57,"36"
"92",92,"VOSGES",48.166667,6.066667,"31/01/2012","woman",30,"88"
"93",93,"SEINE-MARITIME",49.583333,0.416667,"31/01/2012","woman",88,"76"
"94",94,"SOMME",50.183333,1.633333,"31/01/2012","man",53,"80"
"95",95,"MEURTHE-ET-MOSELLE",48.6,6.883333,"31/01/2012","woman",9,"54"
"96",96,"CREUSE",46.216667,1.433333,"31/01/2012","woman",8,"23"
"97",97,"HAUTE-VIENNE",46.216667,0.966667,"01/02/2012","woman",77,"87"
"98",98,"CALVADOS",49.266667,0.216667,"01/02/2012","woman",83,"14"
"99",99,"NORD",51.05,2.533333,"01/02/2012","woman",17,"59"
"100",100,"HAUTE-MARNE",48.1,5.433333,"01/02/2012","man",21,"52"
"101",101,"HAUTE-MARNE",47.75,5.666667,"01/02/2012","woman",12,"52"
"102",102,"HAUTE-MARNE",48.066667,5,"01/02/2012","woman",68,"52"
"103",103,"VIENNE",46.333333,0.816667,"01/02/2012","woman",12,"86"
"104",104,"AISNE",49.9,4.016667,"01/02/2012","man",35,"02"
"105",105,"SEINE-MARITIME",49.716667,0.95,"01/02/2012","woman",53,"76"
"106",106,"HAUTE-MARNE",48.216667,5.683333,"01/02/2012","man",30,"52"
"107",107,"VIENNE",46.466667,1.05,"01/02/2012","woman",90,"86"
"108",108,"NORD",50.116667,4,"01/02/2012","man",62,"59"
"109",109,"VIENNE",46.383333,0.883333,"01/02/2012","man",58,"86"
"110",110,"HAUTE-SAÔNE",47.9,6.066667,"01/02/2012","woman",41,"70"
"111",111,"DEUX-SÈVRES",46.616667,-0.183333,"01/02/2012","woman",14,"79"
"112",112,"VOSGES",48.416667,6.533333,"02/02/2012","man",74,"88"
"113",113,"MEURTHE-ET-MOSELLE",48.533333,5.9,"02/02/2012","man",25,"54"
"114",114,"HAUTE-MARNE",47.866667,5.65,"02/02/2012","man",71,"52"
"115",115,"NORD",50.733333,3.083333,"02/02/2012","man",66,"59"
"116",116,"SEINE-MARITIME",49.816667,1.266667,"02/02/2012","woman",36,"76"
"117",117,"NORD",50.5,3.083333,"02/02/2012","man",66,"59"
"118",118,"MOSELLE",48.666667,6.933333,"02/02/2012","man",79,"57"
"119",119,"NORD",50.5,3.25,"02/02/2012","woman",24,"59"
"120",120,"NORD",50.066667,3.45,"02/02/2012","man",60,"59"
"121",121,"HAUTE-MARNE",48.033333,5.45,"02/02/2012","woman",50,"52"
"122",122,"VIENNE",46.466667,1.05,"02/02/2012","woman",13,"86"
"123",123,"MOSELLE",48.866667,6.733333,"02/02/2012","man",10,"57"
"124",124,"AISNE",49.716667,3.883333,"02/02/2012","man",23,"02"
"125",125,"MOSELLE",48.733333,6.816667,"03/02/2012","woman",50,"57"
"126",126,"VOSGES",48.45,6.616667,"03/02/2012","man",79,"88"
"127",127,"MOSELLE",49.433333,6.5,"03/02/2012","man",54,"57"
"128",128,"MOSELLE",48.933333,6.983333,"03/02/2012","woman",51,"67"
"129",129,"HAUTE-MARNE",48.166667,5.533333,"03/02/2012","man",83,"52"
"130",130,"CREUSE",46.3,1.733333,"03/02/2012","woman",25,"23"
"131",131,"VIENNE",46.383333,0.883333,"03/02/2012","man",37,"86"
"132",132,"SOMME",50.1,2.5,"03/02/2012","woman",23,"80"
"133",133,"MOSELLE",48.633333,6.866667,"03/02/2012","man",81,"57"
"134",134,"MOSELLE",48.916667,6.5,"03/02/2012","woman",85,"57"
"135",135,"MOSELLE",48.65,6.9,"03/02/2012","woman",48,"57"
"136",136,"SEINE-MARITIME",49.816667,0.916667,"03/02/2012","woman",56,"76"
"137",137,"SOMME",49.766667,1.833333,"03/02/2012","man",19,"80"
"138",138,"HAUTE-MARNE",48.383333,4.983333,"03/02/2012","woman",3,"52"
"139",139,"HAUTE-VIENNE",45.8,1.133333,"05/02/2012","woman",73,"87"
"140",140,"CHER",47.35,2.75,"05/02/2012","woman",87,"18"
"141",141,"SOMME",50.133333,2.083333,"06/02/2012","woman",54,"80"
"142",142,"AUBE",48.383333,4.616667,"06/02/2012","man",41,"10"
"143",143,"AISNE",49.283333,3.283333,"06/02/2012","woman",20,"02"
"144",144,"BAS-RHIN",48.866667,7.116667,"06/02/2012","woman",24,"67"
"145",145,"VIENNE",46.433333,0.866667,"06/02/2012","man",78,"86"
"146",146,"VIENNE",46.366667,0.416667,"06/02/2012","man",33,"86"
"147",147,"SEINE-MARITIME",49.633333,0.4,"06/02/2012","woman",55,"76"
"148",148,"SEINE-MARITIME",49.916667,1.5,"06/02/2012","man",54,"76"
"149",149,"VOSGES",48.066667,5.783333,"07/02/2012","man",8,"88"
"150",150,"VOSGES",48.433333,5.6,"07/02/2012","woman",42,"88"
"151",151,"MOSELLE",48.966667,6.55,"07/02/2012","woman",1,"57"
"152",152,"HAUTE-MARNE",47.916667,5.516667,"07/02/2012","man",75,"52"
"153",153,"HAUTE-MARNE",48.083333,5.55,"07/02/2012","woman",90,"52"
"154",154,"HAUTE-MARNE",48.383333,4.983333,"07/02/2012","man",68,"52"
"155",155,"HAUTE-MARNE",47.95,5.583333,"07/02/2012","man",69,"52"
"156",156,"ARDENNES",49.333333,4.933333,"07/02/2012","man",64,"08"
"157",157,"VOSGES",48.383333,5.666667,"07/02/2012","man",23,"88"
"158",158,"VOSGES",48.216667,5.916667,"07/02/2012","woman",87,"88"
"159",159,"VOSGES",48.2,6.1,"07/02/2012","woman",67,"88"
"160",160,"HAUTE-MARNE",47.983333,5.566667,"07/02/2012","man",69,"52"
"161",161,"CÔTE-D'OR",47.5,4.466667,"07/02/2012","man",73,"21"
"162",162,"PAS-DE-CALAIS",50.3,2.1,"07/02/2012","man",5,"62"
"163",163,"VOSGES",48.483333,5.816667,"07/02/2012","woman",77,"88"
"164",164,"AUBE",48.216667,4.816667,"07/02/2012","man",22,"10"
"165",165,"MEURTHE-ET-MOSELLE",48.45,6.516667,"07/02/2012","woman",33,"54"
"166",166,"NORD",50.833333,2.55,"07/02/2012","woman",65,"59"
"167",167,"MEUSE",49,5.433333,"07/02/2012","woman",76,"55"
"168",168,"ARDENNES",49.433333,4.716667,"08/02/2012","man",37,"08"
"169",169,"EURE",49.333333,0.366667,"08/02/2012","woman",70,"27"
"170",170,"SEINE-MARITIME",49.833333,0.866667,"08/02/2012","woman",5,"76"
"171",171,"VIENNE",46.266667,0.416667,"08/02/2012","man",58,"86"
"172",172,"SEINE-MARITIME",49.6,0.516667,"08/02/2012","man",76,"76"
"173",173,"MOSELLE",48.95,6.866667,"08/02/2012","woman",3,"57"
"174",174,"BAS-RHIN",48.916667,7.216667,"08/02/2012","woman",50,"67"
"175",175,"DEUX-SÈVRES",46.866667,-0.4,"08/02/2012","woman",22,"79"
"176",176,"AISNE",49.15,3.55,"08/02/2012","man",45,"02"
"177",177,"VIENNE",46.366667,0.683333,"08/02/2012","woman",70,"86"
"178",178,"SEINE-MARITIME",49.633333,0.6,"09/02/2012","man",42,"76"
"179",179,"VOSGES",48.366667,5.833333,"09/02/2012","woman",77,"88"
"180",180,"HAUTE-MARNE",47.816667,5.066667,"09/02/2012","man",18,"52"
"181",181,"MEURTHE-ET-MOSELLE",48.633333,6.7,"09/02/2012","woman",44,"54"
"182",182,"MEURTHE-ET-MOSELLE",48.616667,6.733333,"09/02/2012","man",64,"54"
"183",183,"NORD",50.266667,3.633333,"09/02/2012","woman",39,"59"
"184",184,"VOSGES",48.3,5.833333,"09/02/2012","man",3,"88"
"185",185,"SEINE-MARITIME",49.8,0.683333,"09/02/2012","man",88,"76"
"186",186,"VOSGES",48.283333,5.966667,"09/02/2012","man",29,"88"
"187",187,"HAUTE-VIENNE",46.183333,0.983333,"09/02/2012","woman",71,"87"
"188",188,"AISNE",49.783333,3.933333,"09/02/2012","woman",52,"02"
"189",189,"EURE",49.333333,0.35,"09/02/2012","man",78,"27"
"190",190,"MEURTHE-ET-MOSELLE",48.433333,6.066667,"09/02/2012","woman",6,"54"
"191",191,"MARNE",49.083333,4.9,"09/02/2012","man",16,"51"
"192",192,"SEINE-MARITIME",49.683333,0.366667,"09/02/2012","woman",83,"76"
"193",193,"AISNE",49.733333,4.166667,"09/02/2012","woman",50,"02"
"194",194,"MEUSE",48.866667,5.5,"09/02/2012","man",30,"55"
"195",195,"SEINE-MARITIME",49.6,0.566667,"10/02/2012","woman",59,"76"
"196",196,"PAS-DE-CALAIS",50.666667,1.833333,"10/02/2012","woman",87,"62"
"197",197,"NORD",50.05,3.933333,"10/02/2012","woman",45,"59"
"198",198,"HAUTE-MARNE",48.033333,5.283333,"10/02/2012","man",79,"52"
"199",199,"MEURTHE-ET-MOSELLE",48.5,6.016667,"10/02/2012","man",54,"54"
"200",200,"MEUSE",48.55,5.466667,"10/02/2012","man",88,"55"
"201",201,"YONNE",47.5,4.083333,"10/02/2012","woman",56,"89"
"202",202,"MOSELLE",48.85,6.333333,"10/02/2012","man",43,"57"
"203",203,"MANCHE",49.5,-1.6,"10/02/2012","man",10,"50"
"204",204,"MEUSE",48.95,5.516667,"10/02/2012","woman",47,"55"
"205",205,"HAUTE-VIENNE",46.3,1.116667,"10/02/2012","man",21,"87"
"206",206,"MEURTHE-ET-MOSELLE",48.583333,6.283333,"10/02/2012","woman",89,"54"
"207",207,"MANCHE",49.45,-1.55,"10/02/2012","woman",76,"50"
"208",208,"MEUSE",49.316667,5.616667,"10/02/2012","woman",58,"55"
"209",209,"MOSELLE",49.1,6.5,"10/02/2012","woman",48,"57"
"210",210,"HAUTE-VIENNE",46.216667,0.966667,"10/02/2012","woman",45,"87"
"211",211,"HAUTE-VIENNE",46.233333,1.033333,"10/02/2012","woman",81,"87"
"212",212,"ALLIER",46.233333,3.15,"11/02/2012","man",34,"03"
"213",213,"HAUTE-VIENNE",46.35,1.333333,"12/02/2012","woman",14,"87"
"214",214,"HAUTE-VIENNE",46.1,0.916667,"12/02/2012","woman",55,"87"
"215",215,"VIENNE",46.25,0.8,"13/02/2012","man",71,"86"
"216",216,"HAUTE-VIENNE",46.166667,1.066667,"13/02/2012","woman",23,"87"
"217",217,"BAS-RHIN",48.95,7.05,"13/02/2012","woman",22,"67"
"218",218,"VIENNE",46.4,0.716667,"13/02/2012","woman",34,"86"
"219",219,"AISNE",49.816667,3.15,"13/02/2012","woman",86,"02"
"220",220,"SEINE-MARITIME",49.583333,1.216667,"13/02/2012","man",9,"76"
"221",221,"MARNE",48.783333,4.916667,"13/02/2012","man",27,"51"
"222",222,"HAUTE-VIENNE",46.233333,1.033333,"13/02/2012","man",46,"87"
"223",223,"CHER",46.866667,2.933333,"13/02/2012","man",56,"18"
"224",224,"VIENNE",46.4,0.35,"13/02/2012","man",1,"86"
"225",225,"VIENNE",46.25,0.8,"13/02/2012","woman",1,"86"
"226",226,"AISNE",49.8,4.05,"13/02/2012","woman",66,"02"
"227",227,"MOSELLE",48.716667,7.083333,"13/02/2012","woman",25,"57"
"228",228,"HAUTE-SAÔNE",47.783333,5.866667,"13/02/2012","man",42,"70"
"229",229,"SEINE-MARITIME",49.833333,1.083333,"13/02/2012","woman",74,"76"
"230",230,"SOMME",50.083333,2.4,"13/02/2012","man",74,"80"
"231",231,"YONNE",47.533333,4.033333,"14/02/2012","man",85,"89"
"232",232,"VIENNE",46.4,0.716667,"14/02/2012","man",29,"86"
"233",233,"ARDENNES",49.683333,4.333333,"14/02/2012","woman",85,"08"
"234",234,"CHARENTE",46.1,0.7,"14/02/2012","man",67,"16"
"235",235,"PAS-DE-CALAIS",50.416667,2,"14/02/2012","woman",22,"62"
"236",236,"MEUSE",48.733333,5.216667,"14/02/2012","woman",39,"55"
"237",237,"MEURTHE-ET-MOSELLE",48.75,6.283333,"14/02/2012","woman",64,"54"
"238",238,"MEURTHE-ET-MOSELLE",48.833333,6.2,"14/02/2012","man",13,"54"
"239",239,"MEURTHE-ET-MOSELLE",48.833333,6.2,"14/02/2012","man",38,"54"
"240",240,"MEUSE",49.016667,5.683333,"14/02/2012","man",48,"55"
"241",241,"NORD",50.266667,4,"14/02/2012","man",24,"59"
"242",242,"SEINE-MARITIME",49.7,0.733333,"14/02/2012","man",32,"76"
"243",243,"MEURTHE-ET-MOSELLE",48.9,6.083333,"14/02/2012","man",77,"54"
"244",244,"NORD",50.016667,4,"14/02/2012","woman",20,"59"
"245",245,"MOSELLE",48.766667,6.716667,"14/02/2012","man",51,"57"
"246",246,"AISNE",49.733333,4.05,"14/02/2012","woman",84,"02"
"247",247,"MEURTHE-ET-MOSELLE",48.416667,6.05,"14/02/2012","man",9,"54"
"248",248,"VIENNE",46.216667,0.483333,"14/02/2012","man",46,"86"
"249",249,"SEINE-MARITIME",49.566667,0.483333,"14/02/2012","woman",41,"76"
"250",250,"MEURTHE-ET-MOSELLE",48.6,6.266667,"14/02/2012","woman",17,"54"
"251",251,"MOSELLE",48.933333,6.416667,"14/02/2012","man",58,"57"
"252",252,"SEINE-MARITIME",49.816667,0.85,"15/02/2012","woman",19,"76"
"253",253,"HAUTE-VIENNE",46.283333,1.25,"15/02/2012","man",67,"87"
"254",254,"MEURTHE-ET-MOSELLE",48.85,6.1,"15/02/2012","woman",40,"54"
"255",255,"MANCHE",49.616667,-1.3,"15/02/2012","woman",57,"50"
"256",256,"VIENNE",46.25,0.8,"15/02/2012","woman",61,"86"
"257",257,"VIENNE",46.216667,0.533333,"15/02/2012","woman",17,"86"
"258",258,"MOSELLE",49.033333,6.966667,"15/02/2012","woman",78,"57"
"259",259,"VIENNE",46.683333,0.85,"15/02/2012","woman",20,"86"
"260",260,"VIENNE",46.666667,0.65,"15/02/2012","woman",53,"86"
"261",261,"HAUTE-VIENNE",46.35,1.133333,"15/02/2012","woman",63,"87"
"262",262,"MEURTHE-ET-MOSELLE",48.916667,6.25,"15/02/2012","man",23,"54"
"263",263,"CÔTE-D'OR",47.983333,4.7805,"15/02/2012","man",77,"21"
"264",264,"INDRE",46.516667,1.483333,"15/02/2012","man",65,"36"
"265",265,"VIENNE",46.483333,0.816667,"15/02/2012","woman",26,"86"
"266",266,"HAUTE-VIENNE",46.133333,1.183333,"15/02/2012","woman",76,"87"
"267",267,"AUBE",48.066667,4.116667,"15/02/2012","man",56,"10"
"268",268,"HAUTE-VIENNE",46.133333,1.283333,"15/02/2012","man",36,"87"
"269",269,"HAUTE-VIENNE",46.3,1.116667,"15/02/2012","man",86,"87"
"270",270,"HAUTE-VIENNE",46.233333,1.033333,"15/02/2012","woman",72,"87"
"271",271,"MANCHE",49.016667,-0.983333,"15/02/2012","man",67,"50"
"272",272,"VIENNE",46.433333,1,"15/02/2012","man",58,"86"
"273",273,"VIENNE",46.5333,0.1167,"15/02/2012","man",75,"86"
"274",274,"VIENNE",46.333333,0.816667,"15/02/2012","woman",15,"86"
"275",275,"CÔTE-D'OR",47.75,4.483333,"15/02/2012","woman",0,"21"
"276",276,"VIENNE",46.383333,1,"15/02/2012","man",4,"86"
"277",277,"VIENNE",46.116667,0.65,"15/02/2012","man",85,"86"
"278",278,"HAUTE-VIENNE",46.166667,0.983333,"15/02/2012","woman",69,"87"
"279",279,"INDRE",46.633333,1.066667,"15/02/2012","woman",78,"36"
"280",280,"SOMME",50.133333,2.366667,"15/02/2012","man",69,"80"
"281",281,"VIENNE",46.233333,0.65,"15/02/2012","woman",29,"86"
"282",282,"VIENNE",46.35,0.7,"15/02/2012","man",81,"86"
"283",283,"PAS-DE-CALAIS",50.883333,1.666667,"15/02/2012","man",35,"62"
"284",284,"YONNE",47.816667,3.466667,"15/02/2012","man",75,"89"
"285",285,"VIENNE",46.466667,0.966667,"15/02/2012","woman",25,"86"
"286",286,"VIENNE",46.42108,1.12298,"15/02/2012","woman",29,"86"
"287",287,"MEURTHE-ET-MOSELLE",48.666667,6.533333,"15/02/2012","woman",78,"54"
"288",288,"VIENNE",46.483333,0.816667,"15/02/2012","woman",74,"86"
"289",289,"VIENNE",46.783333,0.816667,"15/02/2012","woman",30,"86"
"290",290,"VIENNE",46.55,0.983333,"16/02/2012","woman",9,"86"
"291",291,"VIENNE",46.25,0.8,"16/02/2012","man",40,"86"
"292",292,"HAUTE-MARNE",48.383333,5.3,"16/02/2012","man",58,"52"
"293",293,"HAUTE-VIENNE",46.15,1.033333,"16/02/2012","man",65,"87"
"294",294,"MEURTHE-ET-MOSELLE",48.583333,6.066667,"16/02/2012","woman",29,"54"
"295",295,"MOSELLE",49.266667,6.316667,"16/02/2012","man",86,"57"
"296",296,"VIENNE",46.366667,0.616667,"16/02/2012","man",86,"86"
"297",297,"VIENNE",46.466667,1.05,"16/02/2012","man",15,"86"
"298",298,"AISNE",49.916667,3.916667,"16/02/2012","woman",54,"02"
"299",299,"ARDENNES",49.566667,4.633333,"16/02/2012","woman",72,"08"
"300",300,"HAUTE-VIENNE",46.066667,1.1,"16/02/2012","woman",9,"87"
"301",301,"MOSELLE",48.783333,6.55,"16/02/2012","woman",39,"57"
"302",302,"VIENNE",46.433333,0.866667,"16/02/2012","man",24,"86"
"303",303,"MEUSE",49.05,5.633333,"16/02/2012","man",76,"55"
"304",304,"MEURTHE-ET-MOSELLE",48.65,5.816667,"16/02/2012","man",0,"54"
"305",305,"HAUTE-MARNE",47.933333,5.55,"16/02/2012","woman",86,"52"
"306",306,"VIENNE",46.333333,0.483333,"16/02/2012","man",36,"86"
"307",307,"HAUTE-MARNE",47.95,5.75,"16/02/2012","woman",33,"52"
"308",308,"MEURTHE-ET-MOSELLE",48.55,6.15,"16/02/2012","man",56,"54"
"309",309,"PAS-DE-CALAIS",50.25,2.483333,"16/02/2012","man",8,"62"
"310",310,"VIENNE",46.45,0.483333,"16/02/2012","man",52,"86"
"311",311,"VIENNE",46.383333,1,"16/02/2012","woman",60,"86"
"312",312,"HAUTE-MARNE",48.116667,5.133333,"16/02/2012","man",73,"52"
"313",313,"VIENNE",46.4,0.683333,"16/02/2012","man",3,"86"
"314",314,"YONNE",47.9,3.233333,"16/02/2012","man",41,"89"
"315",315,"MEURTHE-ET-MOSELLE",48.433333,6.066667,"16/02/2012","man",82,"54"
"316",316,"HAUTE-MARNE",48.45,4.683333,"16/02/2012","man",59,"52"
"317",317,"VIENNE",46.616667,0.7,"16/02/2012","man",85,"86"
"318",318,"DEUX-SÈVRES",46.366667,-0.1,"16/02/2012","man",54,"79"
"319",319,"HAUTE-VIENNE",46.233333,1.033333,"16/02/2012","man",72,"87"
"320",320,"VIENNE",46.55,0.983333,"17/02/2012","man",65,"86"
"321",321,"MAINE-ET-LOIRE",47.25,-0.5,"17/02/2012","man",25,"49"
"322",322,"HAUTE-VIENNE",46.2,1.3,"17/02/2012","woman",9,"87"
"323",323,"HAUTE-VIENNE",46.3,1.116667,"17/02/2012","man",7,"87"
"324",324,"MEURTHE-ET-MOSELLE",48.983333,6,"17/02/2012","woman",84,"54"
"325",325,"HAUTE-MARNE",48.15,5.6,"17/02/2012","woman",26,"52"
"326",326,"CHARENTE",46.133333,-0.666667,"17/02/2012","woman",33,"17"
"327",327,"VIENNE",46.366667,0.416667,"17/02/2012","woman",76,"86"
"328",328,"HAUTE-VIENNE",46.233333,0.916667,"17/02/2012","man",13,"87"
"329",329,"HAUTE-VIENNE",46.05,1.233333,"17/02/2012","woman",34,"87"
"330",330,"HAUTE-VIENNE",46.233333,1.116667,"17/02/2012","man",40,"87"
"331",331,"MEURTHE-ET-MOSELLE",48.483333,6.2,"17/02/2012","man",5,"54"
"332",332,"YONNE",47.75,3.416667,"17/02/2012","woman",57,"89"
"333",333,"HAUTE-MARNE",48.05,5.483333,"17/02/2012","woman",13,"52"
"334",334,"VIENNE",46.2,0.75,"17/02/2012","woman",60,"86"
"335",335,"MEURTHE-ET-MOSELLE",48.866667,5.916667,"17/02/2012","woman",81,"54"
"336",336,"HAUTE-VIENNE",46.1,0.916667,"17/02/2012","woman",12,"87"
"337",337,"HAUT-RHIN",48.266667,7.216667,"17/02/2012","woman",42,"68"
"338",338,"SEINE-MARITIME",49.616667,0.6,"17/02/2012","woman",46,"76"
"339",339,"HAUTE-VIENNE",46.183333,0.983333,"17/02/2012","woman",83,"87"
"340",340,"MEURTHE-ET-MOSELLE",48.866667,6.366667,"17/02/2012","woman",23,"57"
"341",341,"MOSELLE",48.833333,6.433333,"17/02/2012","man",36,"57"
"342",342,"VIENNE",46.333333,0.666667,"17/02/2012","woman",73,"86"
"343",343,"NIÈVRE",47.05,4.016667,"18/02/2012","man",54,"58"
"344",344,"OISE",49.5,2.316667,"18/02/2012","man",84,"60"
"345",345,"CHER",46.933333,2.8,"19/02/2012","man",41,"18"
"346",346,"VIENNE",46.2833,0.6833,"19/02/2012","man",90,"86"
"347",347,"HAUTE-VIENNE",46.216667,1.166667,"19/02/2012","woman",9,"87"
"348",348,"VIENNE",46.516667,1.083333,"20/02/2012","man",41,"86"
"349",349,"HAUTE-SAÔNE",47.883333,5.95,"20/02/2012","man",50,"70"
"350",350,"VIENNE",46.766667,0.6,"20/02/2012","man",8,"86"
"351",351,"SOMME",50.033333,1.85,"20/02/2012","man",62,"80"
"352",352,"MOSELLE",48.966667,6.583333,"20/02/2012","woman",1,"57"
"353",353,"VIENNE",46.42108,1.12298,"20/02/2012","woman",2,"86"
"354",354,"VOSGES",48.05,5.9,"20/02/2012","man",43,"88"
"355",355,"HAUTE-VIENNE",45.85,1.25,"20/02/2012","woman",63,"87"
"356",356,"INDRE",46.466667,1.216667,"20/02/2012","woman",58,"36"
"357",357,"HAUTE-VIENNE",46.3,1.116667,"20/02/2012","woman",52,"87"
"358",358,"INDRE",46.616667,1.85,"20/02/2012","man",20,"36"
"359",359,"VIENNE",46.42108,1.12298,"20/02/2012","woman",19,"86"
"360",360,"VOSGES",48.25,6,"20/02/2012","man",13,"88"
"361",361,"SEINE-MARITIME",49.95,1.233333,"20/02/2012","woman",77,"76"
"362",362,"VIENNE",46.166667,0.516667,"20/02/2012","man",51,"86"
"363",363,"HAUTE-VIENNE",46.35,1.333333,"20/02/2012","man",27,"87"
"364",364,"HAUTE-VIENNE",45.666667,1.45,"20/02/2012","man",52,"87"
"365",365,"MARNE",48.55,4.65,"20/02/2012","man",22,"51"
"366",366,"VIENNE",46.2,0.75,"20/02/2012","woman",61,"86"
"367",367,"HAUTE-VIENNE",46.25,1.1,"20/02/2012","woman",53,"87"
"368",368,"CHARENTE",45.833333,0.733333,"20/02/2012","man",49,"16"
"369",369,"VIENNE",46.683333,0.85,"20/02/2012","man",57,"86"
"370",370,"VIENNE",46.433333,1,"20/02/2012","man",49,"86"
"371",371,"HAUTE-VIENNE",46.35,1.333333,"20/02/2012","man",55,"87"
"372",372,"MOSELLE",49.166667,6.433333,"20/02/2012","woman",50,"57"
"373",373,"HAUTE-VIENNE",46.216667,1.166667,"20/02/2012","woman",5,"87"
"374",374,"HAUTE-VIENNE",46.1,0.916667,"20/02/2012","woman",89,"87"
"375",375,"VOSGES",48.483333,5.816667,"20/02/2012","woman",38,"88"
"376",376,"INDRE",46.616667,1.3,"20/02/2012","man",82,"36"
"377",377,"HAUTE-VIENNE",46.233333,1.116667,"20/02/2012","man",89,"87"
"378",378,"SOMME",50,2.783333,"20/02/2012","man",52,"80"
"379",379,"VOSGES",48.15,6.066667,"20/02/2012","man",18,"88"
"380",380,"CHARENTE",46.016667,0.666667,"20/02/2012","woman",36,"16"
"381",381,"VIENNE",46.45,0.483333,"20/02/2012","man",63,"86"
"382",382,"VIENNE",46.25,0.8,"20/02/2012","woman",3,"86"
"383",383,"VIENNE",46.433333,0.416667,"20/02/2012","woman",0,"86"
"384",384,"MEUSE",49.516667,5.4,"20/02/2012","man",23,"55"
"385",385,"AUBE",48.383333,4.616667,"20/02/2012","man",54,"10"
"386",386,"VOSGES",48.366667,5.816667,"20/02/2012","man",40,"88"
"387",387,"YONNE",47.516667,3.483333,"20/02/2012","man",74,"89"
"388",388,"CHARENTE",46.016667,0.783333,"20/02/2012","man",75,"16"
"389",389,"HAUTE-VIENNE",46.05,1.016667,"20/02/2012","man",47,"87"
"390",390,"VIENNE",46.4,1.083333,"20/02/2012","woman",64,"86"
"391",391,"VIENNE",46.283333,0.533333,"20/02/2012","woman",74,"86"
"392",392,"YONNE",47.416667,4.033333,"21/02/2012","woman",43,"89"
"393",393,"YONNE",47.966667,3.25,"21/02/2012","man",12,"89"
"394",394,"CALVADOS",49.316667,0.15,"21/02/2012","man",71,"14"
"395",395,"MEURTHE-ET-MOSELLE",48.65,6.433333,"21/02/2012","man",38,"54"
"396",396,"MEUSE",49.583333,5.35,"21/02/2012","man",1,"55"
"397",397,"NORD",50.116667,3.95,"21/02/2012","man",3,"59"
"398",398,"NORD",50.483333,3.35,"21/02/2012","woman",39,"59"
"399",399,"SOMME",49.716667,2.866667,"21/02/2012","woman",2,"80"
"400",400,"SEINE-MARITIME",49.5,0.366667,"21/02/2012","man",16,"76"
"401",401,"HAUTE-VIENNE",46.216667,1.166667,"21/02/2012","man",42,"87"
"402",402,"INDRE",46.583333,1.55,"21/02/2012","man",60,"36"
"403",403,"CHARENTE",46.116667,0.783333,"21/02/2012","woman",72,"16"
"404",404,"MEURTHE-ET-MOSELLE",48.466667,6.2,"21/02/2012","woman",71,"54"
"405",405,"SEINE-MARITIME",49.65,0.783333,"21/02/2012","man",7,"76"
"406",406,"HAUTE-MARNE",47.9,5.516667,"21/02/2012","man",21,"52"
"407",407,"HAUTE-MARNE",47.833333,5.666667,"21/02/2012","man",85,"52"
"408",408,"MEUSE",48.75,5.05,"21/02/2012","woman",41,"55"
"409",409,"NIÈVRE",47.283333,3.233333,"21/02/2012","woman",5,"58"
"410",410,"SEINE-MARITIME",49.633333,0.983333,"21/02/2012","man",24,"76"
"411",411,"VIENNE",46.383333,0.883333,"21/02/2012","woman",77,"86"
"412",412,"VOSGES",48.083333,6.1,"21/02/2012","woman",23,"88"
"413",413,"ARDENNES",49.633333,5.116667,"21/02/2012","man",9,"08"
"414",414,"ARDENNES",49.633333,5.116667,"21/02/2012","man",41,"08"
"415",415,"ALLIER",46.583333,3.3,"21/02/2012","man",0,"03"
"416",416,"PAS-DE-CALAIS",50.483333,2.05,"21/02/2012","man",37,"62"
"417",417,"VIENNE",46.383333,0.883333,"21/02/2012","man",6,"86"
"418",418,"INDRE-ET-LOIRE",46.916667,0.8,"21/02/2012","man",37,"37"
"419",419,"CALVADOS",49.016667,-0.633333,"21/02/2012","man",34,"14"
"420",420,"HAUTE-MARNE",48.533333,5.133333,"21/02/2012","woman",50,"52"
"421",421,"HAUTE-MARNE",47.983333,5.566667,"21/02/2012","woman",51,"52"
"422",422,"HAUTE-MARNE",48.15,5.566667,"21/02/2012","man",3,"52"
"423",423,"MOSELLE",48.883333,6.616667,"21/02/2012","man",79,"57"
"424",424,"VIENNE",46.383333,0.883333,"21/02/2012","man",68,"86"
"425",425,"VIENNE",46.383333,0.883333,"21/02/2012","man",19,"86"
"426",426,"VIENNE",46.233333,0.65,"21/02/2012","man",48,"86"
"427",427,"YONNE",47.566667,3.233333,"21/02/2012","woman",38,"89"
"428",428,"HAUTE-MARNE",48.183333,5.1,"21/02/2012","woman",59,"52"
"429",429,"OISE",49.516667,1.75,"21/02/2012","woman",14,"60"
"430",430,"YONNE",47.616667,3.266667,"21/02/2012","woman",18,"89"
"431",431,"ORNE",48.85,0.283333,"21/02/2012","woman",20,"61"
"432",432,"MAYENNE",47.883333,-0.516667,"21/02/2012","man",89,"53"
"433",433,"MEURTHE-ET-MOSELLE",48.633333,6.533333,"21/02/2012","woman",24,"54"
"434",434,"MEURTHE-ET-MOSELLE",48.45,6.516667,"21/02/2012","woman",45,"54"
"435",435,"HAUTE-VIENNE",46.233333,1.033333,"21/02/2012","man",31,"87"
"436",436,"HAUTE-MARNE",47.983333,5.733333,"21/02/2012","woman",66,"52"
"437",437,"ARDENNES",49.65,4.283333,"21/02/2012","man",40,"08"
"438",438,"VIENNE",46.4,1.083333,"21/02/2012","woman",81,"86"
"439",439,"ARDENNES",49.433333,4.716667,"21/02/2012","woman",54,"08"
"440",440,"HAUTE-VIENNE",46.166667,0.85,"21/02/2012","man",87,"87"
"441",441,"SEINE-MARITIME",49.5,0.416667,"21/02/2012","woman",79,"76"
"442",442,"ARDENNES",49.65,4.283333,"21/02/2012","woman",72,"08"
"443",443,"MEURTHE-ET-MOSELLE",48.5,6.133333,"21/02/2012","man",43,"54"
"444",444,"HAUTE-VIENNE",46.133333,1.116667,"21/02/2012","man",36,"87"
"445",445,"VIENNE",46.516667,0.416667,"21/02/2012","woman",22,"86"
"446",446,"ORNE",48.766667,0.183333,"21/02/2012","woman",72,"61"
"447",447,"HAUTE-MARNE",48.033333,5.45,"21/02/2012","woman",19,"52"
"448",448,"CALVADOS",49.333333,-0.9,"21/02/2012","man",78,"14"
"449",449,"VIENNE",46.55,0.15,"21/02/2012","man",73,"86"
"450",450,"VIENNE",46.383333,0.883333,"21/02/2012","woman",85,"86"
"451",451,"YONNE",47.833333,3.1,"21/02/2012","man",82,"89"
"452",452,"LOIRET",47.566667,2.833333,"21/02/2012","woman",2,"45"
"453",453,"PAS-DE-CALAIS",50.483333,1.75,"21/02/2012","man",76,"62"
"454",454,"AUBE",48.166667,3.966667,"21/02/2012","man",84,"10"
"455",455,"OISE",49.55,2.05,"21/02/2012","man",24,"60"
"456",456,"HAUTE-VIENNE",46.35,1.4,"21/02/2012","woman",13,"87"
"457",457,"VOSGES",47.966667,6.233333,"21/02/2012","man",14,"88"
"458",458,"NORD",50.016667,4,"21/02/2012","man",85,"59"
"459",459,"NORD",50.15,3.65,"21/02/2012","woman",3,"59"
"460",460,"VIENNE",46.233333,0.65,"21/02/2012","man",79,"86"
"461",461,"HAUTE-MARNE",48.116667,5.133333,"21/02/2012","man",90,"52"
"462",462,"VIENNE",46.25,0.8,"21/02/2012","man",48,"86"
"463",463,"CALVADOS",49.083333,-0.4,"21/02/2012","man",16,"14"
"464",464,"ORNE",48.483333,0.35,"21/02/2012","man",28,"61"
"465",465,"HAUTE-MARNE",48.316667,4.833333,"21/02/2012","man",52,"52"
"466",466,"ORNE",48.533333,0.4,"21/02/2012","man",89,"61"
"467",467,"VIENNE",46.383333,0.883333,"21/02/2012","man",7,"86"
"468",468,"ARDENNES",49.633333,5.166667,"21/02/2012","man",85,"08"
"469",469,"HAUTE-VIENNE",46.166667,0.95,"21/02/2012","man",50,"87"
"470",470,"VIENNE",46.15,0.4,"21/02/2012","woman",20,"86"
"471",471,"ORNE",48.516667,0.133333,"21/02/2012","man",43,"61"
"472",472,"NORD",50.933333,2.466667,"21/02/2012","man",33,"59"
"473",473,"HAUTE-MARNE",48.066667,5,"21/02/2012","woman",31,"52"
"474",474,"HAUTE-MARNE",47.8,5.433333,"21/02/2012","woman",7,"52"
"475",475,"AISNE",49.7,3.683333,"21/02/2012","woman",85,"02"
"476",476,"ARDENNES",49.633333,5.166667,"21/02/2012","man",58,"08"
"477",477,"MOSELLE",48.716667,6.766667,"21/02/2012","woman",30,"57"
"478",478,"HAUTE-MARNE",48.166667,5.533333,"21/02/2012","man",0,"52"
"479",479,"HAUTE-VIENNE",45.65,1.3,"21/02/2012","woman",9,"87"
"480",480,"ARDENNES",49.4,4.933333,"21/02/2012","woman",88,"08"
"481",481,"DEUX-SÈVRES",46.55,-0.033333,"21/02/2012","woman",42,"79"
"482",482,"PAS-DE-CALAIS",50.05,2.916667,"21/02/2012","man",78,"62"
"483",483,"MEUSE",48.533333,5.266667,"21/02/2012","man",79,"55"
"484",484,"VIENNE",46.466667,0.966667,"21/02/2012","woman",9,"86"
"485",485,"HAUTE-VIENNE",46.133333,1.283333,"21/02/2012","woman",29,"87"
"486",486,"VOSGES",48.183333,6.45,"22/02/2012","man",39,"88"
"487",487,"MEURTHE-ET-MOSELLE",48.5,6.066667,"22/02/2012","man",58,"54"
"488",488,"SEINE-MARITIME",49.65,0.783333,"22/02/2012","woman",50,"76"
"489",489,"VIENNE",46.333333,0.816667,"22/02/2012","woman",77,"86"
"490",490,"HAUTE-VIENNE",46.166667,0.95,"22/02/2012","man",9,"87"
"491",491,"INDRE",46.433333,1.3,"22/02/2012","man",72,"36"
"492",492,"BAS-RHIN",48.7,7.416667,"22/02/2012","woman",86,"67"
"493",493,"INDRE",46.733333,1.416667,"22/02/2012","woman",54,"36"
"494",494,"HAUTE-MARNE",48.05,5.3,"22/02/2012","man",10,"52"
"495",495,"HAUTE-MARNE",47.85,5.45,"22/02/2012","woman",10,"52"
"496",496,"PAS-DE-CALAIS",50.533333,2.1,"22/02/2012","man",72,"62"
"497",497,"HAUTE-MARNE",47.85,5.45,"22/02/2012","woman",71,"52"
"498",498,"HAUTE-VIENNE",45.65,1.3,"22/02/2012","woman",29,"87"
"499",499,"PAS-DE-CALAIS",50.466667,2.7,"22/02/2012","man",86,"62"
"500",500,"MANCHE",49.5,-1.75,"22/02/2012","woman",6,"50"
"501",501,"VOSGES",48.433333,6.583333,"22/02/2012","woman",16,"88"
"502",502,"INDRE",47.183333,1.75,"22/02/2012","woman",42,"36"
"503",503,"SEINE-MARITIME",49.6,0.433333,"22/02/2012","woman",30,"76"
"504",504,"HAUTE-MARNE",48.1,5.066667,"22/02/2012","man",45,"52"
"505",505,"BAS-RHIN",48.933333,7.133333,"22/02/2012","man",79,"67"
"506",506,"VIENNE",46.233333,0.65,"22/02/2012","man",64,"86"
"507",507,"SEINE-MARITIME",49.733333,1.1,"22/02/2012","man",65,"76"
"508",508,"SEINE-MARITIME",49.733333,0.85,"22/02/2012","man",7,"76"
"509",509,"VOSGES",48.3,6.683333,"22/02/2012","man",0,"88"
"510",510,"MANCHE",49.15,-0.966667,"22/02/2012","man",89,"50"
"511",511,"HAUTE-MARNE",47.866667,5.65,"22/02/2012","woman",89,"52"
"512",512,"VOSGES",48.4,5.766667,"22/02/2012","woman",37,"88"
"513",513,"CALVADOS",48.916667,-0.85,"22/02/2012","man",61,"14"
"514",514,"INDRE",46.983333,1.516667,"22/02/2012","man",88,"36"
"515",515,"INDRE",46.633333,1.433333,"22/02/2012","man",48,"36"
"516",516,"HAUTE-VIENNE",46.166667,1.066667,"22/02/2012","woman",55,"87"
"517",517,"HAUTE-VIENNE",46.266667,0.966667,"22/02/2012","man",80,"87"
"518",518,"HAUTE-VIENNE",46.233333,0.916667,"22/02/2012","woman",14,"87"
"519",519,"HAUTE-SAÔNE",47.883333,5.983333,"22/02/2012","man",43,"70"
"520",520,"SEINE-MARITIME",49.6,0.566667,"22/02/2012","woman",56,"76"
"521",521,"SEINE-MARITIME",49.6,0.8,"22/02/2012","man",43,"76"
"522",522,"SOMME",49.833333,1.733333,"22/02/2012","woman",44,"80"
"523",523,"VIENNE",46.416667,0.6,"22/02/2012","man",64,"86"
"524",524,"BAS-RHIN",48.866667,7.516667,"22/02/2012","woman",39,"67"
"525",525,"INDRE",46.566667,1.083333,"22/02/2012","woman",46,"36"
"526",526,"INDRE",46.666667,1.433333,"22/02/2012","woman",6,"36"
"527",527,"INDRE",46.616667,1.25,"22/02/2012","woman",19,"36"
"528",528,"CÔTE-D'OR",47.533333,4.633333,"22/02/2012","man",32,"21"
"529",529,"MANCHE",49.466667,-1.633333,"22/02/2012","woman",51,"50"
"530",530,"PAS-DE-CALAIS",50.883333,2.083333,"22/02/2012","woman",81,"62"
"531",531,"PAS-DE-CALAIS",50.466667,1.9,"22/02/2012","man",2,"62"
"532",532,"HAUTE-VIENNE",46.083333,1.2,"22/02/2012","woman",9,"87"
"533",533,"HAUTE-VIENNE",46.166667,0.95,"22/02/2012","man",74,"87"
"534",534,"NORD",50.066667,3.45,"22/02/2012","woman",30,"59"
"535",535,"MEURTHE-ET-MOSELLE",49.333333,5.85,"22/02/2012","woman",5,"54"
"536",536,"VOSGES",47.966667,5.8,"22/02/2012","man",18,"88"
"537",537,"SEINE-MARITIME",49.816667,0.983333,"23/02/2012","man",35,"76"
"538",538,"YONNE",47.566667,4.016667,"23/02/2012","man",67,"89"
"539",539,"MOSELLE",48.633333,6.983333,"23/02/2012","woman",25,"57"
"540",540,"NIÈVRE",47.1,3.5,"23/02/2012","woman",74,"58"
"541",541,"PAS-DE-CALAIS",50.583333,2.066667,"23/02/2012","woman",79,"62"
"542",542,"CHARENTE",45.95308,0.85879,"23/02/2012","man",18,"16"
"543",543,"VIENNE",46.8,0.75,"23/02/2012","woman",72,"86"
"544",544,"VIENNE",46.42108,1.12298,"23/02/2012","woman",88,"86"
"545",545,"VIENNE",46.3,0.733333,"23/02/2012","man",80,"86"
"546",546,"VIENNE",46.233333,0.683333,"23/02/2012","man",46,"86"
"547",547,"VIENNE",46.016667,0.783333,"23/02/2012","woman",29,"16"
"548",548,"CALVADOS",48.933333,-0.65,"23/02/2012","man",63,"14"
"549",549,"HAUTE-VIENNE",46.266667,1.383333,"23/02/2012","woman",62,"87"
"550",550,"VIENNE",46.116667,0.65,"23/02/2012","man",76,"86"
"551",551,"VIENNE",46.166667,0.8,"23/02/2012","woman",43,"86"
"552",552,"VIENNE",46.233333,0.683333,"23/02/2012","man",56,"86"
"553",553,"VIENNE",46.466667,1.05,"23/02/2012","man",73,"86"
"554",554,"VIENNE",46.516667,1.083333,"23/02/2012","man",55,"86"
"555",555,"YONNE",47.816667,3.8,"23/02/2012","man",86,"89"
"556",556,"MANCHE",49.466667,-1.558333,"23/02/2012","woman",9,"50"
"557",557,"CALVADOS",49.35,0.183333,"23/02/2012","man",77,"14"
"558",558,"VIENNE",46.4,1.083333,"23/02/2012","woman",22,"86"
"559",559,"VIENNE",46.433333,0.866667,"23/02/2012","woman",26,"86"
"560",560,"CHARENTE",46.1,0.7,"23/02/2012","woman",89,"16"
"561",561,"VIENNE",46.45,0.483333,"23/02/2012","woman",45,"86"
"562",562,"MOSELLE",48.633333,6.866667,"23/02/2012","man",19,"57"
"563",563,"VIENNE",46.4,1.083333,"23/02/2012","woman",63,"86"
"564",564,"MANCHE",49.633333,-1.566667,"23/02/2012","man",44,"50"
"565",565,"VIENNE",46.4,0.683333,"23/02/2012","man",44,"86"
"566",566,"SEINE-MARITIME",49.666667,0.216667,"23/02/2012","man",63,"76"
"567",567,"VIENNE",46.25,0.8,"23/02/2012","man",5,"86"
"568",568,"AISNE",49.766667,4.183333,"23/02/2012","woman",3,"02"
"569",569,"VIENNE",46.216667,0.483333,"23/02/2012","man",55,"86"
"570",570,"VIENNE",46.333333,0.816667,"23/02/2012","woman",30,"86"
"571",571,"AISNE",49.133333,3.183333,"23/02/2012","man",82,"02"
"572",572,"NIÈVRE",46.866667,3.55,"23/02/2012","woman",41,"58"
"573",573,"YONNE",47.48414,3.98098,"23/02/2012","man",56,"89"
"574",574,"CALVADOS",48.9,-0.416667,"23/02/2012","woman",56,"14"
"575",575,"VIENNE",46.233333,0.65,"23/02/2012","woman",86,"86"
"576",576,"VIENNE",46.466667,1.05,"23/02/2012","man",82,"86"
"577",577,"ARDENNES",49.6,5.25,"23/02/2012","woman",8,"08"
"578",578,"MANCHE",49.233333,-1.25,"23/02/2012","woman",52,"50"
"579",579,"VIENNE",46.566667,0.65,"23/02/2012","man",29,"86"
"580",580,"HAUTE-VIENNE",46.266667,1.383333,"24/02/2012","man",71,"87"
"581",581,"INDRE-ET-LOIRE",47.1,0.616667,"24/02/2012","man",7,"37"
"582",582,"HAUTE-VIENNE",46.216667,1.166667,"24/02/2012","woman",57,"87"
"583",583,"AISNE",49.15,3.6,"24/02/2012","man",9,"02"
"584",584,"PAS-DE-CALAIS",50.266667,2.283333,"24/02/2012","man",62,"62"
"585",585,"NIÈVRE",47.366667,3.933333,"24/02/2012","woman",21,"58"
"586",586,"CHER",47.066667,2.516667,"24/02/2012","woman",87,"18"
"587",587,"INDRE-ET-LOIRE",46.933333,0.9,"24/02/2012","woman",49,"37"
"588",588,"HAUTE-VIENNE",46.283333,1.25,"24/02/2012","man",24,"87"
"589",589,"HAUTE-VIENNE",46.15,1.033333,"24/02/2012","man",50,"87"
"590",590,"MEUSE",48.883333,5.416667,"24/02/2012","man",19,"55"
"591",591,"HAUTE-VIENNE",46.2,1.3,"24/02/2012","man",67,"87"
"592",592,"MANCHE",49.066667,-1.2,"24/02/2012","woman",0,"50"
"593",593,"HAUTE-VIENNE",46.266667,1.383333,"24/02/2012","woman",67,"87"
"594",594,"NIÈVRE",46.983333,3.1,"24/02/2012","man",87,"58"
"595",595,"SAÔNE-ET-LOIRE",46.916667,4.783333,"24/02/2012","man",58,"71"
"596",596,"YONNE",47.5,3.85,"24/02/2012","woman",58,"89"
"597",597,"HAUTE-VIENNE",46.316667,1.366667,"24/02/2012","woman",72,"87"
"598",598,"AISNE",49.8,3.15,"24/02/2012","woman",69,"02"
"599",599,"VOSGES",47.983333,6.75,"24/02/2012","man",19,"88"
"600",600,"BAS-RHIN",48.983333,8.033333,"24/02/2012","woman",19,"67"
"601",601,"HAUTE-VIENNE",46.133333,1.116667,"24/02/2012","man",69,"87"
"602",602,"HAUTE-VIENNE",46.166667,0.983333,"24/02/2012","woman",77,"87"
"603",603,"NORD",50.683333,2.716667,"24/02/2012","woman",24,"59"
"604",604,"HAUTE-VIENNE",46.283333,1.25,"24/02/2012","woman",10,"87"
"605",605,"HAUTE-VIENNE",46.266667,1.383333,"24/02/2012","man",19,"87"
"606",606,"YONNE",47.733333,3.133333,"24/02/2012","woman",87,"89"
"607",607,"VIENNE",46.116667,0.566667,"24/02/2012","man",9,"86"
"608",608,"HAUTE-VIENNE",46.333333,1.333333,"25/02/2012","woman",73,"87"
"609",609,"INDRE",46.433333,1.3,"25/02/2012","man",1,"36"
"610",610,"HAUTE-VIENNE",46.3,1.116667,"25/02/2012","man",88,"87"
"611",611,"VIENNE",46.333333,0.816667,"25/02/2012","man",88,"86"
"612",612,"PUY-DE-DÔME",45.616667,3.35,"25/02/2012","man",72,"63"
"613",613,"SAÔNE-ET-LOIRE",46.35,4.683333,"25/02/2012","man",56,"71"
"614",614,"INDRE",46.633333,1.166667,"25/02/2012","man",65,"36"
"615",615,"VIENNE",46.116667,0.566667,"26/02/2012","woman",4,"86"
"616",616,"HAUTE-VIENNE",45.8,1.133333,"26/02/2012","woman",73,"87"
"617",617,"MEURTHE-ET-MOSELLE",48.516667,6.916667,"26/02/2012","woman",38,"54"
"618",618,"HAUTE-VIENNE",46.166667,1.066667,"27/02/2012","man",13,"87"
"619",619,"SAÔNE-ET-LOIRE",46.3,4.6,"27/02/2012","woman",60,"71"
"620",620,"AIN",46.25,5.216667,"27/02/2012","woman",1,"01"
"621",621,"PAS-DE-CALAIS",50.4,2.033333,"27/02/2012","woman",42,"62"
"622",622,"HAUTE-VIENNE",46.166667,0.85,"27/02/2012","woman",1,"87"
"623",623,"MOSELLE",48.633333,6.983333,"27/02/2012","woman",89,"57"
"624",624,"VIENNE",46.566667,0.2,"27/02/2012","man",65,"86"
"625",625,"ARDENNES",49.65,4.25,"27/02/2012","man",1,"08"
"626",626,"HAUTE-VIENNE",46.233333,0.916667,"27/02/2012","woman",59,"87"
"627",627,"MEURTHE-ET-MOSELLE",48.483333,6.05,"27/02/2012","man",56,"54"
"628",628,"MOSELLE",48.7,6.7,"27/02/2012","man",1,"57"
"629",629,"SOMME",50.133333,1.616667,"27/02/2012","man",43,"80"
"630",630,"HAUTE-VIENNE",46.266667,0.966667,"27/02/2012","man",76,"87"
"631",631,"VIENNE",46.333333,0.666667,"27/02/2012","woman",54,"86"
"632",632,"ARDENNES",49.516667,4.633333,"27/02/2012","man",16,"08"
"633",633,"CREUSE",46.233333,1.483333,"27/02/2012","woman",1,"23"
"634",634,"CHER",46.783333,2.5,"27/02/2012","woman",61,"18"
"635",635,"MOSELLE",48.783333,6.466667,"27/02/2012","man",37,"57"
"636",636,"HAUTE-VIENNE",46.133333,1.283333,"27/02/2012","woman",39,"87"
"637",637,"ARDENNES",49.416667,4.633333,"27/02/2012","woman",70,"08"
"638",638,"PAS-DE-CALAIS",50.616667,1.833333,"27/02/2012","woman",7,"62"
"639",639,"HAUTE-VIENNE",46.283333,1.25,"27/02/2012","woman",46,"87"
"640",640,"AIN",46.266667,5.066667,"27/02/2012","woman",20,"01"
"641",641,"VIENNE",46.383333,1,"28/02/2012","woman",88,"86"
"642",642,"VIENNE",46.383333,0.883333,"28/02/2012","woman",72,"86"
"643",643,"CHARENTE",46.1,0.7,"28/02/2012","man",29,"16"
"644",644,"HAUTE-MARNE",47.883333,5.083333,"28/02/2012","man",22,"52"
"645",645,"VIENNE",46.4,1.083333,"28/02/2012","man",86,"86"
"646",646,"VIENNE",46.483333,0.833333,"28/02/2012","man",66,"86"
"647",647,"VIENNE",46.366667,0.616667,"28/02/2012","man",41,"86"
"648",648,"SAÔNE-ET-LOIRE",46.833333,4.5,"28/02/2012","man",44,"71"
"649",649,"MEUSE",48.833333,5.35,"28/02/2012","man",60,"55"
"650",650,"HAUTE-MARNE",47.966667,5.533333,"28/02/2012","woman",60,"52"
"651",651,"VIENNE",46.383333,0.883333,"28/02/2012","woman",16,"86"
"652",652,"VIENNE",46.366667,0.416667,"28/02/2012","woman",6,"86"
"653",653,"VIENNE",46.4,0.683333,"28/02/2012","man",76,"86"
"654",654,"AISNE",49.016667,3.6,"28/02/2012","woman",38,"02"
"655",655,"VIENNE",46.316667,0.333333,"28/02/2012","woman",30,"86"
"656",656,"SAÔNE-ET-LOIRE",46.95,4.4,"28/02/2012","woman",58,"71"
"657",657,"HAUTE-VIENNE",46.083333,1.2,"28/02/2012","woman",25,"87"
"658",658,"HAUTE-VIENNE",46.016667,1.083333,"28/02/2012","woman",61,"87"
"659",659,"VIENNE",46.716667,0.866667,"28/02/2012","man",37,"86"
"660",660,"VIENNE",46.266667,0.416667,"28/02/2012","man",16,"86"
"661",661,"MEUSE",49.45,5.45,"28/02/2012","man",42,"55"
"662",662,"OISE",49.516667,2.316667,"28/02/2012","man",46,"60"
"663",663,"CALVADOS",49.15,0.05,"28/02/2012","woman",86,"14"
"664",664,"VIENNE",46.5,0.783333,"28/02/2012","woman",2,"86"
"665",665,"VIENNE",46.233333,0.65,"28/02/2012","man",71,"86"
"666",666,"MEUSE",48.833333,5.35,"28/02/2012","man",13,"55"
"667",667,"VIENNE",46.266667,0.3,"28/02/2012","man",89,"86"
"668",668,"VOSGES",48.183333,5.766667,"28/02/2012","woman",43,"88"
"669",669,"VIENNE",46.166667,0.8,"28/02/2012","man",41,"86"
"670",670,"MOSELLE",49.05,6.6,"28/02/2012","man",19,"57"
"671",671,"VOSGES",48.05,6.116667,"28/02/2012","man",5,"88"
"672",672,"VIENNE",46.166667,0.516667,"28/02/2012","man",54,"86"
"673",673,"AIN",45.916667,4.883333,"28/02/2012","woman",16,"01"
"674",674,"VIENNE",46.266667,0.416667,"28/02/2012","man",69,"86"
"675",675,"MEURTHE-ET-MOSELLE",48.4,6.066667,"28/02/2012","woman",57,"54"
"676",676,"VIENNE",46.333333,0.816667,"28/02/2012","woman",55,"86"
"677",677,"VIENNE",46.116667,0.566667,"28/02/2012","man",7,"86"
"678",678,"VOSGES",48.133333,6.183333,"28/02/2012","man",89,"88"
"679",679,"HAUTE-MARNE",48.083333,5.55,"28/02/2012","man",56,"52"
"680",680,"VIENNE",46.216667,0.533333,"28/02/2012","man",11,"86"
"681",681,"MAINE-ET-LOIRE",47.183333,-0.183333,"28/02/2012","man",51,"49"
"682",682,"BAS-RHIN",48.883333,7.65,"28/02/2012","man",62,"67"
"683",683,"VIENNE",46.333333,0.816667,"28/02/2012","woman",86,"86"
"684",684,"HAUTE-SAÔNE",47.816667,6.016667,"28/02/2012","man",76,"70"
"685",685,"VIENNE",46.4,1.083333,"28/02/2012","woman",14,"86"
"686",686,"VIENNE",46.383333,0.883333,"28/02/2012","woman",30,"86"
"687",687,"VIENNE",46.366667,0.416667,"28/02/2012","man",0,"86"
"688",688,"OISE",49.55,2.05,"28/02/2012","man",84,"60"
"689",689,"SAÔNE-ET-LOIRE",46.733333,4.683333,"28/02/2012","woman",78,"71"
"690",690,"INDRE",46.65,1.883333,"28/02/2012","woman",74,"36"
"691",691,"HAUTE-VIENNE",46.133333,1.183333,"28/02/2012","woman",24,"87"
"692",692,"NIÈVRE",46.983333,3.75,"28/02/2012","man",31,"58"
"693",693,"YONNE",47.466667,3.766667,"28/02/2012","woman",86,"89"
"694",694,"MANCHE",48.683333,-1.416667,"29/02/2012","man",53,"50"
"695",695,"CÔTE-D'OR",47.566667,4.216667,"29/02/2012","woman",77,"21"
"696",696,"INDRE",46.366667,1.233333,"29/02/2012","man",7,"87"
"697",697,"ARDENNES",49.466667,4.666667,"29/02/2012","man",75,"08"
"698",698,"NORD",50.533333,3.083333,"29/02/2012","woman",59,"59"
"699",699,"HAUTE-VIENNE",46.183333,0.983333,"29/02/2012","woman",10,"87"
"700",700,"HAUTE-VIENNE",46.216667,0.966667,"29/02/2012","woman",57,"87"
"701",701,"HAUTE-VIENNE",46.266667,1.383333,"29/02/2012","man",27,"87"
"702",702,"VIENNE",46.116667,0.566667,"29/02/2012","man",20,"86"
"703",703,"VIENNE",46.683333,0.85,"29/02/2012","man",38,"86"
"704",704,"VIENNE",46.233333,0.65,"29/02/2012","man",42,"86"
"705",705,"CALVADOS",49.35,0.183333,"29/02/2012","woman",83,"14"
"706",706,"VIENNE",46.383333,0.883333,"29/02/2012","woman",59,"86"
"707",707,"VIENNE",46.166667,0.8,"29/02/2012","woman",59,"86"
"708",708,"CALVADOS",49.3,-0.7,"29/02/2012","man",19,"14"
"709",709,"YONNE",47.48414,3.98098,"29/02/2012","man",36,"89"
"710",710,"PAS-DE-CALAIS",50.683333,1.933333,"29/02/2012","man",27,"62"
"711",711,"HAUTE-VIENNE",46.15,1.366667,"29/02/2012","man",67,"87"
"712",712,"VIENNE",46.483333,0.816667,"29/02/2012","woman",51,"86"
"713",713,"VIENNE",46.42108,1.12298,"29/02/2012","woman",71,"86"
"714",714,"MANCHE",49.35,-1.333333,"29/02/2012","woman",13,"50"
"715",715,"VIENNE",46.283333,0.533333,"29/02/2012","woman",58,"86"
"716",716,"MANCHE",49.516667,-1.683333,"29/02/2012","man",51,"50"
"717",717,"HAUTE-MARNE",48.183333,5.1,"29/02/2012","woman",87,"52"
"718",718,"HAUTE-VIENNE",46.35,1.183333,"29/02/2012","woman",64,"87"
"719",719,"SEINE-MARITIME",49.6,0.683333,"29/02/2012","man",53,"76"
"720",720,"HAUTE-VIENNE",46.2,1.3,"29/02/2012","woman",43,"87"
"721",721,"YONNE",47.7,3.266667,"29/02/2012","woman",70,"89"
"722",722,"HAUTE-VIENNE",46.35,1.266667,"29/02/2012","woman",39,"87"
"723",723,"INDRE",46.6,1.816667,"29/02/2012","woman",23,"36"
"724",724,"HAUTE-VIENNE",46.133333,1.283333,"29/02/2012","woman",43,"87"
"725",725,"CHARENTE",45.98109,0.89509,"29/02/2012","woman",26,"16"
"726",726,"VIENNE",46.383333,1,"29/02/2012","woman",52,"86"
"727",727,"VIENNE",46.333333,0.666667,"29/02/2012","man",79,"86"
"728",728,"VIENNE",46.65,0.75,"29/02/2012","man",15,"86"
"729",729,"VIENNE",46.216667,0.533333,"29/02/2012","man",70,"86"
"730",730,"NIÈVRE",47.466667,3.55,"29/02/2012","man",63,"58"
"731",731,"CALVADOS",49.183333,0.183333,"29/02/2012","woman",16,"14"
"732",732,"CALVADOS",49.033333,-0.3,"29/02/2012","man",32,"14"
"733",733,"VIENNE",46.2,0.75,"29/02/2012","woman",64,"86"
"734",734,"NORD",50.066667,3.633333,"29/02/2012","woman",82,"59"
"735",735,"MOSELLE",49.066667,7.066667,"29/02/2012","man",89,"57"
"736",736,"VIENNE",46.666667,0.65,"29/02/2012","woman",81,"86"
"737",737,"HAUTE-VIENNE",46.216667,1.166667,"29/02/2012","woman",80,"87"
"738",738,"HAUTE-VIENNE",46.233333,1.25,"29/02/2012","man",25,"87"
"739",739,"CHARENTE",46.116667,0.783333,"29/02/2012","woman",52,"16"
"740",740,"DORDOGNE",45.15,0.016667,"29/02/2012","man",36,"24"
"741",741,"SAÔNE-ET-LOIRE",46.5,4.883333,"29/02/2012","man",89,"71"
"742",742,"SEINE-MARITIME",49.733333,0.833333,"29/02/2012","man",24,"76"
"743",743,"HAUTE-MARNE",48.183333,5.1,"29/02/2012","man",7,"52"
"744",744,"CALVADOS",49.1,-0.066667,"29/02/2012","man",23,"14"
"745",745,"CALVADOS",48.933333,-0.833333,"29/02/2012","woman",72,"14"
"746",746,"VIENNE",46.433333,1,"29/02/2012","woman",44,"86"
"747",747,"VIENNE",46.383333,0.883333,"29/02/2012","man",6,"86"
"748",748,"VIENNE",46.733333,0.383333,"29/02/2012","woman",48,"86"
"749",749,"CHARENTE",46.066667,0.783333,"01/03/2012","man",90,"16"
"750",750,"MOSELLE",49.133333,6.55,"01/03/2012","man",75,"57"
"751",751,"INDRE",46.683333,1.516667,"01/03/2012","woman",19,"36"
"752",752,"CHARENTE",45.9,0.783333,"01/03/2012","woman",53,"16"
"753",753,"CALVADOS",49.233333,-0.933333,"01/03/2012","man",20,"14"
"754",754,"CHARENTE",46.1,0.7,"01/03/2012","woman",26,"16"
"755",755,"MANCHE",49.633333,-1.466667,"01/03/2012","woman",74,"50"
"756",756,"MEURTHE-ET-MOSELLE",48.716667,6.566667,"01/03/2012","man",40,"54"
"757",757,"MEURTHE-ET-MOSELLE",48.483333,6.35,"01/03/2012","man",53,"54"
"758",758,"MEUSE",48.616667,5.7,"01/03/2012","man",2,"55"
"759",759,"INDRE",46.9,1.15,"01/03/2012","man",7,"36"
"760",760,"INDRE",46.8,1.35,"01/03/2012","man",3,"36"
"761",761,"INDRE",46.633333,1.166667,"01/03/2012","man",40,"36"
"762",762,"INDRE",46.616667,1.6,"01/03/2012","man",88,"36"
"763",763,"SAÔNE-ET-LOIRE",46.55,5.116667,"01/03/2012","man",69,"71"
"764",764,"CHARENTE",45.883333,0.5,"01/03/2012","man",32,"16"
"765",765,"MEURTHE-ET-MOSELLE",48.583333,5.633333,"01/03/2012","man",11,"55"
"766",766,"MEURTHE-ET-MOSELLE",48.566667,6.333333,"01/03/2012","woman",37,"54"
"767",767,"MEURTHE-ET-MOSELLE",48.85,5.95,"01/03/2012","woman",81,"54"
"768",768,"CÔTE-D'OR",47.416667,4.433333,"01/03/2012","man",12,"21"
"769",769,"CALVADOS",49.333333,0.15,"01/03/2012","woman",19,"14"
"770",770,"EURE",49.333333,0.35,"01/03/2012","woman",20,"27"
"771",771,"INDRE",46.366667,1.233333,"01/03/2012","man",78,"87"
"772",772,"INDRE",46.633333,1.166667,"01/03/2012","woman",61,"36"
"773",773,"INDRE",47.066667,1.716667,"01/03/2012","man",62,"36"
"774",774,"INDRE",46.516667,1.45,"01/03/2012","man",26,"36"
"775",775,"INDRE",46.6,1.816667,"01/03/2012","woman",61,"36"
"776",776,"HAUTE-SAÔNE",47.616667,5.616667,"01/03/2012","man",17,"70"
"777",777,"VIENNE",46.333333,0.866667,"01/03/2012","man",23,"86"
"778",778,"INDRE",46.433333,1.3,"01/03/2012","woman",57,"36"
"779",779,"NORD",50.25,3.383333,"01/03/2012","woman",69,"59"
"780",780,"HAUTE-VIENNE",46.316667,1.366667,"01/03/2012","man",83,"87"
"781",781,"CHARENTE",45.983333,0.233333,"01/03/2012","woman",71,"16"
"782",782,"AISNE",49.883333,3.816667,"01/03/2012","woman",84,"02"
"783",783,"HAUTE-VIENNE",46.233333,0.916667,"01/03/2012","woman",67,"87"
"784",784,"CHER",46.833333,2.316667,"01/03/2012","woman",47,"18"
"785",785,"INDRE",46.366667,1.233333,"01/03/2012","man",85,"87"
"786",786,"CALVADOS",49.05,-0.633333,"01/03/2012","woman",11,"14"
"787",787,"MEURTHE-ET-MOSELLE",49.166667,5.916667,"01/03/2012","man",64,"54"
"788",788,"INDRE",46.483333,2.066667,"01/03/2012","woman",83,"36"
"789",789,"NIÈVRE",47.35,3.7,"01/03/2012","woman",55,"58"
"790",790,"CALVADOS",48.883333,-0.533333,"01/03/2012","man",10,"14"
"791",791,"CHARENTE",45.983333,0.533333,"01/03/2012","man",89,"16"
"792",792,"VIENNE",46.166667,0.516667,"01/03/2012","woman",72,"86"
"793",793,"PAS-DE-CALAIS",50.633333,1.916667,"01/03/2012","man",50,"62"
"794",794,"CHARENTE",45.966667,0.7,"01/03/2012","man",61,"16"
"795",795,"INDRE",46.516667,1.316667,"01/03/2012","man",88,"36"
"796",796,"CHARENTE",45.966667,0.7,"01/03/2012","man",7,"16"
"797",797,"HAUTE-VIENNE",46.133333,1.283333,"01/03/2012","woman",76,"87"
"798",798,"INDRE",46.616667,1.25,"01/03/2012","woman",44,"36"
"799",799,"YONNE",47.75,3.5,"01/03/2012","woman",70,"89"
"800",800,"CHARENTE",46.1,0.7,"01/03/2012","man",41,"16"
"801",801,"CHARENTE",45.95,0.25,"01/03/2012","woman",61,"16"
"802",802,"INDRE",46.483333,1.683333,"01/03/2012","woman",12,"36"
"803",803,"SEINE-MARITIME",49.716667,0.25,"01/03/2012","woman",36,"76"
"804",804,"HAUTE-VIENNE",46.35,1.183333,"01/03/2012","man",20,"87"
"805",805,"AIN",46.4,4.9,"01/03/2012","woman",13,"01"
"806",806,"LOIR-ET-CHER",47.5,1.466667,"01/03/2012","man",43,"41"
"807",807,"CÔTE-D'OR",47.05,4.733333,"01/03/2012","woman",48,"21"
"808",808,"LOIRET",47.866667,2.116667,"01/03/2012","man",19,"45"
"809",809,"INDRE",46.683333,1.033333,"01/03/2012","man",7,"36"
"810",810,"SAÔNE-ET-LOIRE",47.016667,4.333333,"01/03/2012","woman",26,"71"
"811",811,"INDRE",47.116667,1.433333,"01/03/2012","man",1,"36"
"812",812,"MANCHE",49.683333,-1.316667,"01/03/2012","woman",78,"50"
"813",813,"PAS-DE-CALAIS",50.733333,1.8,"01/03/2012","woman",79,"62"
"814",814,"OISE",49.5,1.816667,"01/03/2012","man",67,"60"
"815",815,"PAS-DE-CALAIS",50.483333,2.05,"01/03/2012","woman",86,"62"
"816",816,"INDRE",46.466667,1.216667,"01/03/2012","woman",43,"36"
"817",817,"ARDENNES",49.7,5.116667,"01/03/2012","man",46,"08"
"818",818,"VIENNE",46.116667,0.65,"01/03/2012","woman",17,"86"
"819",819,"CHARENTE",46.016667,0.05,"01/03/2012","woman",57,"16"
"820",820,"CÔTE-D'OR",47.266667,4.483333,"01/03/2012","man",64,"21"
"821",821,"HAUTE-VIENNE",46.233333,1.033333,"01/03/2012","woman",12,"87"
"822",822,"HAUTE-VIENNE",46.166667,0.95,"02/03/2012","woman",69,"87"
"823",823,"CHARENTE",45.85,0.566667,"02/03/2012","woman",33,"16"
"824",824,"RHÔNE",45.833333,4.766667,"02/03/2012","woman",10,"69"
"825",825,"HAUTE-VIENNE",45.95,1.133333,"02/03/2012","woman",46,"87"
"826",826,"NIÈVRE",46.783333,3.233333,"02/03/2012","woman",18,"58"
"827",827,"DEUX-SÈVRES",46.833333,-0.35,"02/03/2012","man",60,"79"
"828",828,"HAUTE-VIENNE",46.266667,1.383333,"02/03/2012","man",15,"87"
"829",829,"VIENNE",46.433333,1,"02/03/2012","woman",25,"86"
"830",830,"ORNE",48.916667,0.2,"02/03/2012","man",38,"61"
"831",831,"VIENNE",46.266667,0.416667,"02/03/2012","woman",39,"86"
"832",832,"DEUX-SÈVRES",46.666667,-0.083333,"02/03/2012","man",60,"79"
"833",833,"MEURTHE-ET-MOSELLE",48.9,6.083333,"02/03/2012","man",24,"54"
"834",834,"HAUTE-VIENNE",46.283333,1.25,"02/03/2012","man",69,"87"
"835",835,"AISNE",48.883333,3.483333,"02/03/2012","woman",54,"02"
"836",836,"SAÔNE-ET-LOIRE",46.466667,4.6,"02/03/2012","woman",81,"71"
"837",837,"HAUTE-VIENNE",46.216667,1.166667,"02/03/2012","woman",79,"87"
"838",838,"CALVADOS",47.65,4.933333,"02/03/2012","man",85,"21"
"839",839,"VIENNE",46.55,0.083333,"02/03/2012","woman",12,"86"
"840",840,"MEURTHE-ET-MOSELLE",48.733333,5.983333,"02/03/2012","man",56,"54"
"841",841,"SEINE-MARITIME",49.716667,1.05,"02/03/2012","man",36,"76"
"842",842,"VIENNE",46.383333,0.883333,"02/03/2012","woman",8,"86"
"843",843,"ORNE",48.416667,0.55,"02/03/2012","man",1,"61"
"844",844,"NORD",49.45,6.166667,"03/03/2012","woman",13,"57"
"845",845,"HAUTE-VIENNE",46,1.133333,"03/03/2012","man",18,"87"
"846",846,"CÔTE-D'OR",47.35,4.35,"03/03/2012","woman",22,"21"
"847",847,"VIENNE",46.116667,0.566667,"03/03/2012","woman",44,"86"
"848",848,"MANCHE",49.216667,-1.283333,"03/03/2012","man",30,"50"
"849",849,"HAUTE-VIENNE",46.116667,1.216667,"03/03/2012","woman",65,"87"
"850",850,"INDRE",46.466667,1.3,"03/03/2012","woman",52,"36"
"851",851,"DEUX-SÈVRES",46.2,0.083333,"03/03/2012","man",38,"79"
"852",852,"SEINE-MARITIME",49.766667,0.833333,"03/03/2012","man",14,"76"
"853",853,"CÔTE-D'OR",47.2,4.283333,"03/03/2012","man",83,"21"
"854",854,"INDRE",46.8,1.166667,"03/03/2012","man",21,"36"
"855",855,"YONNE",47.4,3.8,"03/03/2012","woman",18,"89"
"856",856,"EURE",49.416667,1.55,"03/03/2012","woman",18,"27"
"857",857,"INDRE",46.716667,1.966667,"04/03/2012","woman",78,"36"
"858",858,"NORD",50.15,3.283333,"04/03/2012","woman",57,"59"
"859",859,"VIENNE",46.25,0.8,"04/03/2012","woman",82,"86"
"860",860,"VIENNE",46.366667,0.683333,"04/03/2012","woman",50,"86"
"861",861,"CÔTE-D'OR",47.5,4.166667,"04/03/2012","man",71,"21"
"862",862,"VOSGES",47.983333,5.883333,"04/03/2012","man",21,"88"
"863",863,"MEURTHE-ET-MOSELLE",48.5,6.516667,"04/03/2012","man",76,"54"
"864",864,"VIENNE",46.266667,0.416667,"04/03/2012","woman",80,"86"
"865",865,"MANCHE",48.866667,-1.383333,"04/03/2012","man",89,"50"
"866",866,"INDRE",47.183333,1.466667,"04/03/2012","woman",37,"36"
"867",867,"VIENNE",46.333333,0.866667,"04/03/2012","man",60,"86"
"868",868,"CHARENTE",46.066667,0.666667,"04/03/2012","woman",33,"16"
"869",869,"VIENNE",46.4,1.083333,"04/03/2012","man",68,"86"
"870",870,"VIENNE",46.216667,0.483333,"04/03/2012","man",30,"86"
"871",871,"AISNE",49.833333,3.5,"04/03/2012","woman",43,"02"
"872",872,"HAUTE-VIENNE",46.15,1.033333,"04/03/2012","man",11,"87"
"873",873,"INDRE",46.666667,1.433333,"04/03/2012","man",72,"36"
"874",874,"MANCHE",49.366667,-1.333333,"05/03/2012","woman",60,"50"
"875",875,"HAUTE-VIENNE",46.283333,1.25,"05/03/2012","man",24,"87"
"876",876,"VOSGES",48.416667,6.533333,"05/03/2012","man",35,"88"
"877",877,"VIENNE",46.466667,0.966667,"05/03/2012","man",84,"86"
"878",878,"NIÈVRE",47.45,3.55,"05/03/2012","man",14,"58"
"879",879,"MARNE",48.816667,4.8,"05/03/2012","man",20,"51"
"880",880,"INDRE",46.433333,1.3,"05/03/2012","man",75,"36"
"881",881,"CÔTE-D'OR",47.333333,5.366667,"05/03/2012","man",21,"21"
"882",882,"CHARENTE",46.066667,0.783333,"05/03/2012","man",47,"16"
"883",883,"MEURTHE-ET-MOSELLE",48.566667,6.85,"05/03/2012","woman",25,"54"
"884",884,"HAUTE-VIENNE",46.116667,0.833333,"05/03/2012","man",29,"87"
"885",885,"MANCHE",49.066667,-1.15,"05/03/2012","man",52,"50"
"886",886,"VIENNE",46.35,0.7,"05/03/2012","woman",63,"86"
"887",887,"MARNE",49.116667,3.85,"05/03/2012","woman",26,"51"
"888",888,"SAÔNE-ET-LOIRE",46.35,4.683333,"05/03/2012","man",62,"71"
"889",889,"NIÈVRE",46.866667,3.366667,"05/03/2012","woman",58,"58"
"890",890,"INDRE",46.683333,1.65,"05/03/2012","woman",51,"36"
"891",891,"CHARENTE",45.966667,0.7,"05/03/2012","man",3,"16"
"892",892,"CHARENTE",45.95308,0.85879,"05/03/2012","man",35,"16"
"893",893,"HAUTE-VIENNE",46.116667,1.05,"05/03/2012","woman",88,"87"
"894",894,"NIÈVRE",47.083333,3.633333,"05/03/2012","woman",61,"58"
"895",895,"MANCHE",49.683333,-1.816667,"05/03/2012","woman",85,"50"
"896",896,"VIENNE",46.366667,0.616667,"05/03/2012","man",85,"86"
"897",897,"VIENNE",46.116667,0.566667,"05/03/2012","man",50,"86"
"898",898,"INDRE",46.616667,1.683333,"05/03/2012","woman",68,"36"
"899",899,"MEURTHE-ET-MOSELLE",48.55,6.15,"05/03/2012","man",10,"54"
"900",900,"CREUSE",46.15,1.516667,"05/03/2012","woman",79,"23"
"901",901,"SAÔNE-ET-LOIRE",46.666667,5.383333,"06/03/2012","man",11,"71"
"902",902,"INDRE",46.466667,1.383333,"06/03/2012","man",42,"36"
"903",903,"CHER",47,2.833333,"06/03/2012","man",18,"18"
"904",904,"INDRE",46.65,1.883333,"06/03/2012","man",32,"36"
"905",905,"CHER",47.3,2.75,"06/03/2012","woman",1,"18"
"906",906,"INDRE",46.65,1.966667,"06/03/2012","man",1,"36"
"907",907,"HAUTE-SAÔNE",47.516667,6.333333,"06/03/2012","man",65,"70"
"908",908,"HAUTE-MARNE",47.883333,5.65,"06/03/2012","woman",68,"52"
"909",909,"HAUTE-VIENNE",45.858333,1.433333,"06/03/2012","woman",78,"87"
"910",910,"MANCHE",49.383333,-1.533333,"06/03/2012","woman",89,"50"
"911",911,"SEINE-MARITIME",49.733333,1.316667,"06/03/2012","man",41,"76"
"912",912,"EURE",48.8,1.15,"06/03/2012","man",42,"27"
"913",913,"DEUX-SÈVRES",46.65,-0.25,"06/03/2012","woman",2,"79"
"914",914,"VOSGES",48.233333,6.633333,"06/03/2012","woman",6,"88"
"915",915,"SEINE-MARITIME",49.75,1.4,"06/03/2012","man",16,"76"
"916",916,"INDRE-ET-LOIRE",47.133333,0.533333,"06/03/2012","man",19,"37"
"917",917,"CÔTE-D'OR",47.233333,4.75,"06/03/2012","woman",36,"21"
"918",918,"INDRE",46.766667,1.483333,"06/03/2012","woman",10,"36"
"919",919,"INDRE",46.583333,1.65,"06/03/2012","man",33,"36"
"920",920,"MANCHE",48.666667,-1.35,"06/03/2012","man",5,"50"
"921",921,"INDRE",46.65,1.966667,"06/03/2012","man",7,"36"
"922",922,"MANCHE",49.133333,-1.233333,"06/03/2012","man",28,"50"
"923",923,"MANCHE",49.3,-1.55,"06/03/2012","woman",58,"50"
"924",924,"INDRE-ET-LOIRE",47.266667,0.6,"06/03/2012","woman",79,"37"
"925",925,"CHARENTE",46.066667,0.533333,"06/03/2012","man",12,"16"
"926",926,"CÔTE-D'OR",47.116667,4.283333,"06/03/2012","man",52,"21"
"927",927,"MANCHE",49.683333,-1.333333,"06/03/2012","woman",37,"50"
"928",928,"CHARENTE",46.016667,0.783333,"06/03/2012","man",90,"16"
"929",929,"MANCHE",48.866667,-1.233333,"06/03/2012","man",52,"50"
"930",930,"MANCHE",49.65,-1.65,"06/03/2012","man",53,"50"
"931",931,"YONNE",47.516667,4.1,"06/03/2012","man",1,"89"
"932",932,"MANCHE",49.416667,-1.516667,"07/03/2012","man",71,"50"
"933",933,"MANCHE",48.683333,-1.3,"07/03/2012","woman",41,"50"
"934",934,"CHARENTE",46.066667,0.666667,"07/03/2012","woman",59,"16"
"935",935,"CHARENTE",46.033333,0.716667,"07/03/2012","man",2,"16"
"936",936,"MAINE-ET-LOIRE",47.183333,-0.183333,"07/03/2012","man",68,"49"
"937",937,"CÔTE-D'OR",47.583333,4.333333,"07/03/2012","woman",5,"21"
"938",938,"CÔTE-D'OR",47.733333,4.566667,"07/03/2012","man",0,"21"
"939",939,"MANCHE",48.733333,-1.3,"07/03/2012","man",7,"50"
"940",940,"INDRE",46.433333,1.3,"07/03/2012","man",89,"36"
"941",941,"PAS-DE-CALAIS",50.616667,2.2,"07/03/2012","woman",53,"62"
"942",942,"AUBE",48.3,4.816667,"07/03/2012","woman",33,"10"
"943",943,"MEURTHE-ET-MOSELLE",48.483333,6.083333,"07/03/2012","man",81,"54"
"944",944,"MEUSE",48.533333,5.266667,"07/03/2012","woman",15,"55"
"945",945,"VOSGES",48.4,6.483333,"07/03/2012","woman",90,"88"
"946",946,"CÔTE-D'OR",47.533333,4.616667,"07/03/2012","woman",73,"21"
"947",947,"PAS-DE-CALAIS",50.666667,2.016667,"07/03/2012","man",34,"62"
"948",948,"INDRE",46.466667,1.216667,"07/03/2012","woman",2,"36"
"949",949,"CHARENTE",46.066667,0.533333,"07/03/2012","woman",60,"16"
"950",950,"AISNE",49.85,3.9,"07/03/2012","woman",40,"02"
"951",951,"HAUTE-VIENNE",45.883333,0.866667,"07/03/2012","woman",51,"87"
"952",952,"CHARENTE",46.033333,0.716667,"07/03/2012","woman",55,"16"
"953",953,"MANCHE",48.683333,-1.416667,"07/03/2012","woman",42,"50"
"954",954,"CÔTE-D'OR",47.216667,4.583333,"07/03/2012","woman",25,"21"
"955",955,"HAUTE-VIENNE",46.233333,1.116667,"07/03/2012","woman",59,"87"
"956",956,"INDRE",46.516667,1.5,"07/03/2012","woman",18,"36"
"957",957,"MANCHE",49.45,-1.716667,"07/03/2012","man",35,"50"
"958",958,"NIÈVRE",46.816667,3.716667,"07/03/2012","woman",50,"58"
"959",959,"CÔTE-D'OR",47.183333,4.516667,"07/03/2012","man",79,"21"
"960",960,"EURE",49.3,1.7,"07/03/2012","man",86,"27"
"961",961,"YONNE",47.55,3.95,"07/03/2012","man",43,"89"
"962",962,"NIÈVRE",47.45,3.516667,"07/03/2012","man",2,"58"
"963",963,"MANCHE",48.933333,-1.383333,"07/03/2012","man",38,"50"
"964",964,"OISE",49.633333,1.966667,"07/03/2012","man",17,"60"
"965",965,"NIÈVRE",46.966667,3.333333,"07/03/2012","man",40,"58"
"966",966,"CHARENTE",45.98109,0.89509,"07/03/2012","woman",66,"16"
"967",967,"CHARENTE",45.9,0.783333,"07/03/2012","man",24,"16"
"968",968,"INDRE",46.733333,1.55,"07/03/2012","man",10,"36"
"969",969,"ARDENNES",49.9,4.416667,"07/03/2012","woman",2,"08"
"970",970,"MOSELLE",48.85,6.55,"07/03/2012","man",40,"57"
"971",971,"MANCHE",49.433333,-1.466667,"07/03/2012","man",56,"50"
"972",972,"NIÈVRE",46.783333,3.233333,"07/03/2012","woman",67,"58"
"973",973,"LOIRET",47.9,2.95,"07/03/2012","man",38,"45"
"974",974,"NIÈVRE",47.05,3.35,"07/03/2012","man",84,"58"
"975",975,"SOMME",49.816667,1.933333,"07/03/2012","man",10,"80"
"976",976,"ARDENNES",49.45,4.883333,"08/03/2012","man",76,"08"
"977",977,"CHARENTE",45.85,0.366667,"08/03/2012","woman",5,"16"
"978",978,"SARTHE",47.9,0.133333,"08/03/2012","woman",12,"72"
"979",979,"NIÈVRE",47.45,3.516667,"08/03/2012","woman",47,"58"
"980",980,"INDRE",46.566667,1.083333,"08/03/2012","man",87,"36"
"981",981,"MOSELLE",49,7.016667,"08/03/2012","man",59,"57"
"982",982,"INDRE",46.683333,1.033333,"08/03/2012","woman",22,"36"
"983",983,"INDRE",46.466667,1.383333,"08/03/2012","woman",45,"36"
"984",984,"VIENNE",46.366667,0.416667,"08/03/2012","woman",70,"86"
"985",985,"NIÈVRE",47.35,3.6,"08/03/2012","man",19,"58"
"986",986,"HAUTE-VIENNE",46.166667,0.95,"08/03/2012","woman",63,"87"
"987",987,"HAUTE-VIENNE",46.283333,1.25,"08/03/2012","man",77,"87"
"988",988,"EURE",49.183333,0.666667,"08/03/2012","woman",63,"27"
"989",989,"MEURTHE-ET-MOSELLE",48.533333,5.8,"08/03/2012","man",1,"54"
"990",990,"CÔTE-D'OR",47.433333,4.133333,"08/03/2012","woman",84,"21"
"991",991,"ARDENNES",49.6,4.783333,"08/03/2012","man",58,"08"
"992",992,"INDRE",47.083333,1.35,"08/03/2012","woman",65,"36"
"993",993,"OISE",49.616667,2.95,"08/03/2012","man",36,"60"
"994",994,"CREUSE",46.3,1.833333,"08/03/2012","woman",83,"23"
"995",995,"SEINE-MARITIME",49.483333,1.733333,"08/03/2012","woman",45,"76"
"996",996,"VOSGES",48.016667,5.8,"08/03/2012","man",30,"88"
"997",997,"NORD",50.033333,3.3,"08/03/2012","woman",79,"59"
"998",998,"INDRE",46.516667,1.316667,"08/03/2012","woman",68,"36"
"999",999,"INDRE",46.516667,1.483333,"08/03/2012","man",13,"36"
"1000",1000,"INDRE",46.933333,1.233333,"09/03/2012","man",30,"36"
"1001",1001,"YONNE",47.758333,3.25,"09/03/2012","woman",33,"89"
"1002",1002,"YONNE",47.566667,3.233333,"09/03/2012","woman",86,"89"
"1003",1003,"CÔTE-D'OR",47.383333,4.316667,"09/03/2012","woman",89,"21"
"1004",1004,"CREUSE",46.233333,1.483333,"09/03/2012","woman",44,"23"
"1005",1005,"INDRE",46.516667,1.316667,"09/03/2012","man",38,"36"
"1006",1006,"INDRE",46.633333,1.55,"09/03/2012","man",43,"36"
"1007",1007,"INDRE",46.833333,1.566667,"09/03/2012","woman",5,"36"
"1008",1008,"INDRE",46.566667,1.783333,"09/03/2012","man",82,"36"
"1009",1009,"CALVADOS",49.1,0.183333,"09/03/2012","woman",77,"14"
"1010",1010,"AISNE",49.916667,3.75,"09/03/2012","woman",65,"02"
"1011",1011,"ALLIER",46.55,3.25,"09/03/2012","woman",73,"03"
"1012",1012,"ALLIER",46.583333,3.15,"09/03/2012","man",35,"03"
"1013",1013,"CÔTE-D'OR",47.5,4.166667,"09/03/2012","man",60,"21"
"1014",1014,"HAUTE-VIENNE",46.166667,1.15,"09/03/2012","man",74,"87"
"1015",1015,"HAUTE-VIENNE",46.066667,0.916667,"09/03/2012","woman",56,"87"
"1016",1016,"HAUTE-VIENNE",46.166667,0.983333,"09/03/2012","woman",43,"87"
"1017",1017,"HAUTE-VIENNE",46.1,0.916667,"09/03/2012","man",19,"87"
"1018",1018,"HAUTE-VIENNE",46.25,1.316667,"09/03/2012","woman",51,"87"
"1019",1019,"CHER",47.216667,2.016667,"09/03/2012","man",20,"18"
"1020",1020,"ARDENNES",49.7,5.083333,"09/03/2012","man",80,"08"
"1021",1021,"INDRE",46.616667,1.85,"09/03/2012","woman",27,"36"
"1022",1022,"INDRE",46.5,1.366667,"09/03/2012","woman",67,"36"
"1023",1023,"INDRE",46.633333,1.75,"09/03/2012","man",35,"36"
"1024",1024,"INDRE",46.983333,1.616667,"09/03/2012","man",82,"36"
"1025",1025,"INDRE",46.55,2.016667,"09/03/2012","man",4,"36"
"1026",1026,"INDRE",46.65,1,"09/03/2012","woman",48,"36"
"1027",1027,"HAUTE-VIENNE",45.983333,1.05,"09/03/2012","man",62,"87"
"1028",1028,"INDRE",46.583333,1.733333,"09/03/2012","woman",14,"36"
"1029",1029,"CHARENTE",46.016667,0.783333,"09/03/2012","man",36,"16"
"1030",1030,"INDRE",46.6,1.816667,"09/03/2012","woman",5,"36"
"1031",1031,"MOSELLE",49.45,6.316667,"09/03/2012","man",18,"57"
"1032",1032,"INDRE",46.65,1.883333,"09/03/2012","man",19,"36"
"1033",1033,"CHARENTE",46,0.65,"09/03/2012","man",29,"16"
"1034",1034,"AISNE",50.016667,3.783333,"09/03/2012","man",29,"02"
"1035",1035,"CALVADOS",49.083333,0.216667,"09/03/2012","man",43,"14"
"1036",1036,"LOIR-ET-CHER",47.316667,2.04029,"09/03/2012","woman",81,"41"
"1037",1037,"INDRE",46.566667,1.683333,"09/03/2012","man",20,"36"
"1038",1038,"HAUTE-VIENNE",46.166667,0.95,"09/03/2012","man",11,"87"
"1039",1039,"CÔTE-D'OR",47.366667,4.166667,"09/03/2012","man",57,"21"
"1040",1040,"HAUTE-VIENNE",46.166667,0.85,"09/03/2012","woman",6,"87"
"1041",1041,"INDRE",46.433333,1.3,"09/03/2012","man",28,"36"
"1042",1042,"HAUTE-VIENNE",46.35,1.133333,"09/03/2012","woman",18,"87"
"1043",1043,"HAUTE-VIENNE",46.133333,1.183333,"09/03/2012","man",55,"87"
"1044",1044,"INDRE",46.433333,1.3,"09/03/2012","woman",73,"36"
"1045",1045,"CÔTE-D'OR",47.35,4.5,"09/03/2012","woman",83,"21"
"1046",1046,"HAUTE-VIENNE",46.3,1.116667,"09/03/2012","woman",84,"87"
"1047",1047,"INDRE",46.483333,2.016667,"09/03/2012","man",35,"36"
"1048",1048,"INDRE",46.466667,1.216667,"09/03/2012","man",76,"36"
"1049",1049,"INDRE",46.466667,1.216667,"09/03/2012","man",76,"36"
"1050",1050,"AIN",46.35,5.316667,"09/03/2012","man",19,"01"
"1051",1051,"HAUTE-VIENNE",46.166667,1.066667,"09/03/2012","woman",48,"87"
"1052",1052,"INDRE",46.433333,1.3,"09/03/2012","man",53,"36"
"1053",1053,"YONNE",47.966667,3.783333,"09/03/2012","woman",75,"89"
"1054",1054,"HAUTE-VIENNE",46.166667,0.85,"09/03/2012","man",58,"87"
"1055",1055,"HAUTE-VIENNE",46.15,1.033333,"09/03/2012","woman",47,"87"
"1056",1056,"INDRE",46.666667,1.8,"10/03/2012","man",55,"36"
"1057",1057,"DEUX-SÈVRES",46.583333,-0.016667,"10/03/2012","man",2,"79"
"1058",1058,"CHARENTE",46.033333,0.716667,"10/03/2012","man",88,"16"
"1059",1059,"HAUTE-VIENNE",46.283333,1.25,"10/03/2012","woman",30,"87"
"1060",1060,"NIÈVRE",47.416667,3.6,"10/03/2012","woman",68,"58"
"1061",1061,"OISE",49.366667,3.066667,"10/03/2012","man",57,"60"
"1062",1062,"VOSGES",48.216667,6.566667,"10/03/2012","man",80,"88"
"1063",1063,"CHER",46.733333,2.166667,"10/03/2012","woman",88,"18"
"1064",1064,"NIÈVRE",46.933333,3.65,"10/03/2012","man",18,"58"
"1065",1065,"HAUTE-VIENNE",46.233333,1.033333,"10/03/2012","man",65,"87"
"1066",1066,"INDRE",46.55,1.4,"10/03/2012","woman",40,"36"
"1067",1067,"LOIRET",47.616667,2.733333,"10/03/2012","man",60,"45"
"1068",1068,"INDRE-ET-LOIRE",47.016667,0.8,"11/03/2012","woman",56,"37"
"1069",1069,"ARDENNES",49.8,4.266667,"11/03/2012","man",25,"08"
"1070",1070,"ALLIER",46.5,2.433333,"11/03/2012","woman",61,"03"
"1071",1071,"INDRE",46.566667,1.783333,"11/03/2012","woman",62,"36"
"1072",1072,"VIENNE",46.216667,0.533333,"12/03/2012","man",66,"86"
"1073",1073,"HAUTE-VIENNE",46.116667,1.216667,"12/03/2012","man",0,"87"
"1074",1074,"AISNE",49.783333,4.083333,"12/03/2012","man",15,"02"
"1075",1075,"BAS-RHIN",48.783333,7.5,"12/03/2012","man",31,"67"
"1076",1076,"INDRE",46.533333,1.866667,"12/03/2012","man",13,"36"
"1077",1077,"MANCHE",49.483333,-1.5,"12/03/2012","man",40,"50"
"1078",1078,"MEURTHE-ET-MOSELLE",48.55,6,"12/03/2012","man",12,"54"
"1079",1079,"MOSELLE",48.666667,6.85,"12/03/2012","woman",80,"57"
"1080",1080,"CALVADOS",48.883333,-1,"12/03/2012","woman",86,"14"
"1081",1081,"AISNE",49.85,3.9,"12/03/2012","man",42,"02"
"1082",1082,"NIÈVRE",47.05,3.783333,"12/03/2012","woman",59,"58"
"1083",1083,"SAÔNE-ET-LOIRE",47.016667,4.45,"12/03/2012","woman",20,"71"
"1084",1084,"SAÔNE-ET-LOIRE",46.6,4.85,"12/03/2012","man",86,"71"
"1085",1085,"INDRE",46.95,1.316667,"12/03/2012","woman",55,"36"
"1086",1086,"LOIRET",47.866667,2.816667,"12/03/2012","woman",1,"45"
"1087",1087,"VIENNE",46.483333,0.833333,"12/03/2012","woman",25,"86"
"1088",1088,"INDRE",46.933333,1.433333,"12/03/2012","woman",61,"36"
"1089",1089,"MEURTHE-ET-MOSELLE",48.633333,6.316667,"12/03/2012","woman",60,"54"
"1090",1090,"MANCHE",49.433333,-1.516667,"12/03/2012","woman",55,"50"
"1091",1091,"INDRE-ET-LOIRE",47.1,0.616667,"12/03/2012","man",36,"37"
"1092",1092,"PAS-DE-CALAIS",50.45,1.766667,"12/03/2012","woman",41,"62"
"1093",1093,"HAUTE-VIENNE",46.283333,1.25,"12/03/2012","woman",1,"87"
"1094",1094,"HAUTE-VIENNE",46.1,0.916667,"12/03/2012","woman",46,"87"
"1095",1095,"HAUTE-MARNE",47.9,5.516667,"13/03/2012","woman",78,"52"
"1096",1096,"NIÈVRE",46.75,3.466667,"13/03/2012","man",81,"58"
"1097",1097,"NIÈVRE",46.816667,3.816667,"13/03/2012","woman",44,"58"
"1098",1098,"HAUTE-VIENNE",46.033333,0.966667,"13/03/2012","woman",39,"87"
"1099",1099,"HAUTE-MARNE",47.783333,5.25,"13/03/2012","man",42,"52"
"1100",1100,"MEURTHE-ET-MOSELLE",48.933333,6.1,"13/03/2012","man",0,"54"
"1101",1101,"CHER",46.65,2.566667,"13/03/2012","woman",31,"18"
"1102",1102,"HAUTE-MARNE",47.9,5.516667,"14/03/2012","woman",38,"52"
"1103",1103,"CHARENTE",45.95308,0.85879,"14/03/2012","woman",65,"16"
"1104",1104,"MEURTHE-ET-MOSELLE",48.533333,6.066667,"14/03/2012","woman",60,"54"
"1105",1105,"NIÈVRE",47.366667,3.383333,"14/03/2012","woman",34,"58"
"1106",1106,"HAUTE-VIENNE",46.166667,0.95,"14/03/2012","man",60,"87"
"1107",1107,"INDRE",46.45,1.45,"14/03/2012","woman",56,"36"
"1108",1108,"AUBE",48.35,3.7,"14/03/2012","woman",2,"10"
"1109",1109,"HAUTE-VIENNE",46.233333,1.033333,"14/03/2012","man",32,"87"
"1110",1110,"ARDENNES",49.883333,4.283333,"14/03/2012","woman",38,"08"
"1111",1111,"NIÈVRE",47.466667,2.933333,"14/03/2012","woman",16,"58"
"1112",1112,"CREUSE",46.35,1.533333,"14/03/2012","man",58,"23"
"1113",1113,"INDRE",46.383333,1.433333,"14/03/2012","woman",76,"36"
"1114",1114,"HAUTE-MARNE",48.566667,4.883333,"14/03/2012","woman",17,"52"
"1115",1115,"INDRE-ET-LOIRE",47.266667,1.183333,"14/03/2012","man",45,"37"
"1116",1116,"EURE",49.2,0.6,"14/03/2012","man",60,"27"
"1117",1117,"ORNE",48.45,0.7,"14/03/2012","woman",56,"61"
"1118",1118,"INDRE",46.533333,1.2,"14/03/2012","woman",57,"36"
"1119",1119,"BAS-RHIN",48.533333,7.716667,"14/03/2012","woman",25,"67"
"1120",1120,"DEUX-SÈVRES",46.95,-0.2,"14/03/2012","man",27,"79"
"1121",1121,"NIÈVRE",47.3,3.483333,"14/03/2012","woman",73,"58"
"1122",1122,"CHARENTE",45.85,0.633333,"15/03/2012","man",38,"16"
"1123",1123,"INDRE",46.85,1.066667,"15/03/2012","man",77,"36"
"1124",1124,"MANCHE",49.283333,-1.15,"15/03/2012","man",75,"50"
"1125",1125,"VIENNE",46.4,1.083333,"15/03/2012","man",24,"86"
"1126",1126,"SEINE-MARITIME",49.55,0.416667,"15/03/2012","man",17,"76"
"1127",1127,"HAUTE-VIENNE",46.1,1.366667,"15/03/2012","woman",0,"87"
"1128",1128,"CÔTE-D'OR",47.5,4.583333,"15/03/2012","woman",48,"21"
"1129",1129,"MANCHE",49.316667,-1.416667,"15/03/2012","man",1,"50"
"1130",1130,"HAUTE-VIENNE",46.05,0.85,"15/03/2012","man",71,"87"
"1131",1131,"HAUTE-VIENNE",46.216667,1.083333,"15/03/2012","woman",59,"87"
"1132",1132,"INDRE",46.516667,1.6,"15/03/2012","woman",45,"36"
"1133",1133,"MANCHE",49.133333,-1.35,"15/03/2012","man",62,"50"
"1134",1134,"NIÈVRE",47.183333,3.7,"15/03/2012","woman",37,"58"
"1135",1135,"CHARENTE",45.4667,-0.4833,"15/03/2012","man",10,"17"
"1136",1136,"CHARENTE",46.1,0.5,"15/03/2012","woman",79,"16"
"1137",1137,"CÔTE-D'OR",47.183333,4.716667,"15/03/2012","woman",27,"21"
"1138",1138,"MANCHE",49.616667,-1.65,"15/03/2012","man",82,"50"
"1139",1139,"INDRE",46.516667,1.316667,"15/03/2012","woman",37,"36"
"1140",1140,"HAUTE-VIENNE",46.083333,1.2,"15/03/2012","woman",6,"87"
"1141",1141,"INDRE",47.183333,1.75,"15/03/2012","woman",39,"36"
"1142",1142,"MANCHE",48.95,-1.266667,"15/03/2012","woman",65,"50"
"1143",1143,"HAUTE-VIENNE",46.133333,1.116667,"15/03/2012","man",22,"87"
"1144",1144,"HAUTE-VIENNE",46.35,1.183333,"15/03/2012","woman",0,"87"
"1145",1145,"HAUTE-VIENNE",46.166667,0.85,"15/03/2012","man",38,"87"
"1146",1146,"HAUTE-VIENNE",46.133333,1.183333,"15/03/2012","woman",8,"87"
"1147",1147,"MANCHE",49.3,-1.55,"15/03/2012","man",14,"50"
"1148",1148,"LOIRET",47.85,2.933333,"15/03/2012","man",10,"45"
"1149",1149,"MANCHE",49.033333,-1.066667,"15/03/2012","man",56,"50"
"1150",1150,"ORNE",48.75,-0.183333,"15/03/2012","man",1,"61"
"1151",1151,"PAS-DE-CALAIS",50.383333,1.616667,"15/03/2012","woman",58,"62"
"1152",1152,"ALLIER",46.425,2.6,"15/03/2012","woman",39,"03"
"1153",1153,"MOSELLE",49.183333,6.416667,"16/03/2012","man",36,"57"
"1154",1154,"ARDENNES",49.9,4.283333,"16/03/2012","man",54,"08"
"1155",1155,"HAUTE-MARNE",47.8,5.433333,"16/03/2012","man",54,"52"
"1156",1156,"ALLIER",46.466667,2.966667,"16/03/2012","man",36,"03"
"1157",1157,"OISE",49.516667,2.6,"16/03/2012","man",21,"60"
"1158",1158,"SEINE-MARITIME",49.65,0.366667,"16/03/2012","woman",77,"76"
"1159",1159,"HAUTE-VIENNE",46.116667,1.216667,"16/03/2012","man",84,"87"
"1160",1160,"MEUSE",48.766667,5.233333,"17/03/2012","woman",58,"55"
"1161",1161,"CÔTE-D'OR",47.5172,4.3137,"17/03/2012","man",29,"21"
"1162",1162,"AISNE",50.033333,3.866667,"17/03/2012","woman",24,"02"
"1163",1163,"AUBE",48.283333,4.6,"17/03/2012","man",88,"10"
"1164",1164,"PAS-DE-CALAIS",50.616667,2.2,"17/03/2012","man",51,"62"
"1165",1165,"SOMME",50.1,1.45,"17/03/2012","woman",15,"80"
"1166",1166,"INDRE",46.516667,1.316667,"17/03/2012","man",80,"36"
"1167",1167,"MAINE-ET-LOIRE",47.15,-0.933333,"17/03/2012","woman",49,"49"
"1168",1168,"ARDENNES",49.75,4.3,"18/03/2012","woman",15,"08"
"1169",1169,"CHARENTE",45.966667,0.7,"18/03/2012","man",49,"16"
"1170",1170,"PAS-DE-CALAIS",50.516667,1.8,"18/03/2012","man",44,"62"
"1171",1171,"HAUTE-MARNE",47.9,5.516667,"18/03/2012","woman",5,"52"
"1172",1172,"HAUTE-VIENNE",45.683333,1,"18/03/2012","woman",86,"87"
"1173",1173,"EURE-ET-LOIR",48.65,0.983333,"18/03/2012","woman",10,"28"
"1174",1174,"CALVADOS",49.216667,0.333333,"18/03/2012","man",17,"14"
"1175",1175,"CHARENTE",46.1,0.7,"18/03/2012","woman",60,"16"
"1176",1176,"MEUSE",48.466667,5.716667,"19/03/2012","woman",28,"55"
"1177",1177,"MARNE",49.25,3.733333,"19/03/2012","woman",10,"51"
"1178",1178,"AIN",46.116667,5.083333,"19/03/2012","woman",34,"01"
"1179",1179,"MEURTHE-ET-MOSELLE",48.583333,6.083333,"19/03/2012","man",12,"54"
"1180",1180,"CHER",46.633333,2.283333,"19/03/2012","man",37,"18"
"1181",1181,"CHER",46.733333,2.166667,"19/03/2012","man",86,"18"
"1182",1182,"CÔTE-D'OR",47.466667,4.533333,"19/03/2012","man",37,"21"
"1183",1183,"GIRONDE",44.6,-0.55,"19/03/2012","woman",47,"33"
"1184",1184,"HAUTE-VIENNE",46.133333,1.283333,"19/03/2012","woman",77,"87"
"1185",1185,"LOIRET",48.016667,2.333333,"19/03/2012","man",0,"45"
"1186",1186,"MAINE-ET-LOIRE",47.1,-0.916667,"19/03/2012","man",71,"49"
"1187",1187,"INDRE-ET-LOIRE",47.05,1.1,"19/03/2012","man",61,"37"
"1188",1188,"MANCHE",49.466667,-1.633333,"19/03/2012","woman",51,"50"
"1189",1189,"HAUTE-VIENNE",46.016667,1.183333,"20/03/2012","woman",83,"87"
"1190",1190,"CHER",46.733333,2.166667,"20/03/2012","man",54,"18"
"1191",1191,"CHARENTE",45.783333,0.65,"20/03/2012","woman",20,"16"
"1192",1192,"INDRE",46.483333,1.75,"20/03/2012","man",68,"36"
"1193",1193,"MANCHE",48.7,-1.3167,"20/03/2012","man",20,"50"
"1194",1194,"MEUSE",48.5,5.383333,"20/03/2012","man",51,"55"
"1195",1195,"HAUTE-VIENNE",46.35,1.3,"20/03/2012","woman",76,"87"
"1196",1196,"MEURTHE-ET-MOSELLE",49.233333,5.85,"20/03/2012","woman",65,"54"
"1197",1197,"SOMME",49.766667,1.866667,"20/03/2012","man",38,"80"
"1198",1198,"ARDENNES",49.683333,4.333333,"20/03/2012","woman",27,"08"
"1199",1199,"HAUTE-VIENNE",46.166667,0.983333,"20/03/2012","man",14,"87"
"1200",1200,"VOSGES",48.3,5.9,"20/03/2012","man",77,"88"
"1201",1201,"VIENNE",46.116667,0.566667,"20/03/2012","man",66,"86"
"1202",1202,"VIENNE",48.3,6.133333,"21/03/2012","woman",62,"88"
"1203",1203,"CHARENTE",46.033333,0.716667,"21/03/2012","man",6,"16"
"1204",1204,"CHARENTE",45.95308,0.85879,"21/03/2012","woman",87,"16"
"1205",1205,"CHER",46.716667,2.316667,"21/03/2012","man",71,"18"
"1206",1206,"LOIRET",47.95,2.3,"21/03/2012","man",43,"45"
"1207",1207,"PYRÉNÉES-ATLANTIQUES",43.183333,-0.933333,"21/03/2012","man",76,"64"
"1208",1208,"SAÔNE-ET-LOIRE",47.066667,4.1,"21/03/2012","man",61,"71"
"1209",1209,"MEURTHE-ET-MOSELLE",49.266667,5.766667,"21/03/2012","woman",80,"54"
"1210",1210,"CÔTE-D'OR",47.15,4.35,"21/03/2012","woman",31,"21"
"1211",1211,"CÔTE-D'OR",47.216667,4.75,"22/03/2012","woman",53,"21"
"1212",1212,"AISNE",49.7,3.616667,"22/03/2012","man",64,"02"
"1213",1213,"NORD",50.083333,3.483333,"22/03/2012","woman",36,"59"
"1214",1214,"VIENNE",46.116667,0.566667,"22/03/2012","woman",47,"86"
"1215",1215,"PAS-DE-CALAIS",50.633333,2.15,"22/03/2012","woman",20,"62"
"1216",1216,"MANCHE",49.183333,-1.25,"22/03/2012","woman",0,"50"
"1217",1217,"YONNE",47.55,3.95,"22/03/2012","woman",41,"89"
"1218",1218,"OISE",49.683333,1.9,"23/03/2012","man",38,"60"
"1219",1219,"AIN",46.183333,5.066667,"23/03/2012","woman",76,"01"
"1220",1220,"SARTHE",47.9,0.033333,"23/03/2012","man",71,"72"
"1221",1221,"LOIR-ET-CHER",47.35,1.466667,"23/03/2012","man",43,"41"
"1222",1222,"NORD",50.7,2.4,"23/03/2012","man",58,"59"
"1223",1223,"CALVADOS",49.266667,-0.183333,"23/03/2012","man",43,"14"
"1224",1224,"AUBE",48.55,4.116667,"23/03/2012","woman",71,"10"
"1225",1225,"NORD",50.566667,3.266667,"23/03/2012","woman",72,"59"
"1226",1226,"SEINE-MARITIME",49.558333,0.591667,"23/03/2012","man",54,"76"
"1227",1227,"CÔTE-D'OR",47.216667,4.6,"23/03/2012","woman",39,"21"
"1228",1228,"NORD",50.1,3.416667,"23/03/2012","woman",46,"59"
"1229",1229,"INDRE",46.466667,1.216667,"23/03/2012","woman",5,"36"
"1230",1230,"PAS-DE-CALAIS",50.433333,2.45,"24/03/2012","woman",10,"62"
"1231",1231,"HAUTE-VIENNE",45.8,1.333333,"24/03/2012","man",37,"87"
"1232",1232,"NORD",50.1,3.583333,"24/03/2012","man",69,"59"
"1233",1233,"SEINE-MARITIME",49.75,0.366667,"24/03/2012","man",67,"76"
"1234",1234,"HAUTE-MARNE",47.7468,5.5502,"24/03/2012","woman",36,"52"
"1235",1235,"AISNE",50,3.383333,"25/03/2012","man",75,"02"
"1236",1236,"HAUTE-VIENNE",46.216667,1.166667,"25/03/2012","man",90,"87"
"1237",1237,"AISNE",49.35,3.416667,"25/03/2012","man",54,"02"
"1238",1238,"CALVADOS",49.316667,-0.366667,"26/03/2012","woman",21,"14"
"1239",1239,"EURE",49.283333,0.45,"26/03/2012","woman",15,"27"
"1240",1240,"MOSELLE",48.666667,6.85,"26/03/2012","man",78,"57"
"1241",1241,"BAS-RHIN",48.866667,7.266667,"26/03/2012","man",19,"67"
"1242",1242,"INDRE",46.566667,1.783333,"26/03/2012","woman",17,"36"
"1243",1243,"SARTHE",48.2,0.25,"26/03/2012","man",68,"72"
"1244",1244,"CREUSE",46.35,1.833333,"26/03/2012","woman",57,"23"
"1245",1245,"SAÔNE-ET-LOIRE",46.85,4.633333,"26/03/2012","man",48,"71"
"1246",1246,"PAS-DE-CALAIS",50.85,1.6,"26/03/2012","woman",19,"62"
"1247",1247,"CHARENTE",45.95308,0.85879,"26/03/2012","woman",49,"16"
"1248",1248,"AIN",46.116667,5.2,"27/03/2012","man",15,"01"
"1249",1249,"MEUSE",48.716667,5.366667,"27/03/2012","woman",25,"55"
"1250",1250,"MANCHE",48.866667,-1.183333,"27/03/2012","man",32,"50"
"1251",1251,"SAÔNE-ET-LOIRE",46.566667,5.25,"27/03/2012","man",7,"71"
"1252",1252,"CÔTE-D'OR",47.6,4.266667,"27/03/2012","man",51,"21"
"1253",1253,"NIÈVRE",47.233333,3.583333,"27/03/2012","woman",21,"58"
"1254",1254,"ALLIER",46.633333,3.3,"27/03/2012","man",67,"03"
"1255",1255,"MARNE",49.0736,4.8271,"27/03/2012","man",55,"51"
"1256",1256,"PAS-DE-CALAIS",50.15,2.5,"27/03/2012","man",1,"62"
"1257",1257,"SEINE-ET-MARNE",48.683333,3.083333,"27/03/2012","woman",13,"77"
"1258",1258,"EURE",49.25,0.666667,"27/03/2012","man",15,"27"
"1259",1259,"AIN",45.95,5.283333,"27/03/2012","man",61,"01"
"1260",1260,"INDRE",46.65,2.066667,"28/03/2012","man",7,"36"
"1261",1261,"PAS-DE-CALAIS",50.233333,2.633333,"28/03/2012","woman",11,"62"
"1262",1262,"CÔTE-D'OR",47.45,4.3,"28/03/2012","man",61,"21"
"1263",1263,"MEURTHE-ET-MOSELLE",48.75,6.05,"28/03/2012","man",58,"54"
"1264",1264,"AISNE",49.766667,4.066667,"28/03/2012","man",26,"02"
"1265",1265,"EURE",49.216667,0.633333,"28/03/2012","woman",43,"27"
"1266",1266,"SAÔNE-ET-LOIRE",46.916667,5.166667,"28/03/2012","woman",51,"71"
"1267",1267,"MEUSE",48.583333,5.3,"28/03/2012","man",26,"55"
"1268",1268,"INDRE",46.916667,1.1,"29/03/2012","man",47,"36"
"1269",1269,"MEUSE",48.6,5.416667,"29/03/2012","man",30,"55"
"1270",1270,"INDRE-ET-LOIRE",47.166667,0.783333,"29/03/2012","man",16,"37"
"1271",1271,"EURE",49.4,0.55,"29/03/2012","woman",44,"27"
"1272",1272,"MANCHE",49.283333,-1.15,"29/03/2012","woman",16,"50"
"1273",1273,"MAINE-ET-LOIRE",47.416667,-0.833333,"29/03/2012","man",90,"49"
"1274",1274,"SEINE-MARITIME",50.016667,1.316667,"29/03/2012","man",51,"76"
"1275",1275,"SEINE-MARITIME",49.7,1.3,"29/03/2012","man",45,"76"
"1276",1276,"OISE",49.516667,2.083333,"29/03/2012","man",66,"60"
"1277",1277,"AISNE",49.866667,4.05,"29/03/2012","man",25,"02"
"1278",1278,"MOSELLE",49.166667,6.433333,"29/03/2012","man",32,"57"
"1279",1279,"JURA",46.4,5.333333,"29/03/2012","man",54,"01"
"1280",1280,"AISNE",49.533333,3.25,"29/03/2012","woman",63,"02"
"1281",1281,"HAUTE-VIENNE",46.25,1.316667,"30/03/2012","man",40,"87"
"1282",1282,"MEURTHE-ET-MOSELLE",48.416667,5.883333,"30/03/2012","woman",27,"54"
"1283",1283,"HAUTE-VIENNE",46.133333,1.183333,"30/03/2012","man",46,"87"
"1284",1284,"VIENNE",46.116667,0.65,"30/03/2012","woman",51,"86"
"1285",1285,"AISNE",49.883333,3.733333,"30/03/2012","man",78,"02"
"1286",1286,"NORD",50.166667,3.85,"31/03/2012","man",87,"59"
"1287",1287,"CHER",46.55,2.35,"31/03/2012","woman",20,"18"
"1288",1288,"INDRE",46.633333,1.066667,"31/03/2012","woman",64,"36"
"1289",1289,"AISNE",49.9667,3.1833,"31/03/2012","man",66,"02"
"1290",1290,"PAS-DE-CALAIS",50.516667,2.366667,"31/03/2012","woman",23,"62"
"1291",1291,"SEINE-MARITIME",49.533333,1,"31/03/2012","woman",50,"76"
"1292",1292,"INDRE",46.9,1.633333,"31/03/2012","woman",76,"36"
"1293",1293,"NIÈVRE",47.283333,3.816667,"01/04/2012","man",81,"58"
"1294",1294,"INDRE",46.85,1.066667,"01/04/2012","man",59,"36"
"1295",1295,"INDRE",46.8,1.033333,"01/04/2012","woman",26,"36"
"1296",1296,"PAS-DE-CALAIS",50.55,2.133333,"02/04/2012","woman",85,"62"
"1297",1297,"AIN",46.166667,5,"02/04/2012","woman",63,"01"
"1298",1298,"HAUTE-MARNE",47.783333,5.5,"02/04/2012","man",68,"52"
"1299",1299,"HAUTE-SAÔNE",47.666667,5.633333,"02/04/2012","woman",69,"70"
"1300",1300,"INDRE",46.716667,1.966667,"02/04/2012","woman",78,"36"
"1301",1301,"PAS-DE-CALAIS",50.2,2.483333,"02/04/2012","man",38,"80"
"1302",1302,"HAUTE-VIENNE",46.116667,0.833333,"02/04/2012","man",47,"87"
"1303",1303,"SOMME",50.016667,2.083333,"02/04/2012","man",30,"80"
"1304",1304,"AIN",46.216667,4.933333,"02/04/2012","man",23,"01"
"1305",1305,"VOSGES",48.316667,5.583333,"03/04/2012","woman",2,"88"
"1306",1306,"MEUSE",49.2333,5.6,"03/04/2012","woman",18,"55"
"1307",1307,"VIENNE",46.516667,0.416667,"04/04/2012","man",16,"86"
"1308",1308,"PAS-DE-CALAIS",50.666667,1.75,"04/04/2012","man",3,"62"
"1309",1309,"NIÈVRE",47.083333,3.883333,"04/04/2012","woman",73,"58"
"1310",1310,"HAUTE-VIENNE",46.216667,0.966667,"04/04/2012","man",50,"87"
"1311",1311,"AISNE",49.5378,3.554,"04/04/2012","man",15,"02"
"1312",1312,"AISNE",49.95,3.6,"04/04/2012","woman",61,"02"
"1313",1313,"OISE",49.583333,2.216667,"04/04/2012","man",40,"60"
"1314",1314,"MEURTHE-ET-MOSELLE",48.583333,6.25,"04/04/2012","woman",32,"54"
"1315",1315,"ARDENNES",49.566667,4.966667,"05/04/2012","man",81,"08"
"1316",1316,"VIENNE",46.116667,0.566667,"05/04/2012","woman",63,"86"
"1317",1317,"VIENNE",46.166667,0.8,"05/04/2012","man",45,"86"
"1318",1318,"VIENNE",46.466667,1.05,"05/04/2012","man",85,"86"
"1319",1319,"VIENNE",46.3333,0.9667,"05/04/2012","man",51,"86"
"1320",1320,"VIENNE",46.516667,1.083333,"05/04/2012","woman",35,"86"
"1321",1321,"CHARENTE",46.066667,0.783333,"05/04/2012","woman",21,"16"
"1322",1322,"NORD",50.216667,3.833333,"06/04/2012","woman",34,"59"
"1323",1323,"HAUTE-VIENNE",46.333333,1.333333,"06/04/2012","man",1,"87"
"1324",1324,"PAS-DE-CALAIS",50.333333,2.4,"06/04/2012","woman",54,"62"
"1325",1325,"CREUSE",46.216667,1.433333,"06/04/2012","woman",14,"23"
"1326",1326,"AIN",46.366667,5.05,"06/04/2012","woman",13,"01"
"1327",1327,"PAS-DE-CALAIS",50.933333,1.75,"06/04/2012","woman",52,"62"
"1328",1328,"LOIRET",47.966667,2.916667,"06/04/2012","man",56,"45"
"1329",1329,"CHER",46.816667,2.316667,"07/04/2012","woman",55,"18"
"1330",1330,"CÔTE-D'OR",47.466667,4.266667,"07/04/2012","man",89,"21"
"1331",1331,"VOSGES",48.266667,5.883333,"07/04/2012","woman",41,"88"
"1332",1332,"MOSELLE",48.65,6.966667,"07/04/2012","man",78,"57"
"1333",1333,"ARDENNES",49.65,4.866667,"07/04/2012","woman",12,"08"
"1334",1334,"CREUSE",46.283333,1.616667,"08/04/2012","man",63,"23"
"1335",1335,"CHARENTE",45.916667,0.65,"09/04/2012","man",67,"16"
"1336",1336,"SOMME",49.85,1.9,"09/04/2012","woman",18,"80"
"1337",1337,"PAS-DE-CALAIS",50.433333,2.5,"09/04/2012","man",69,"62"
"1338",1338,"INDRE",46.616667,1.85,"09/04/2012","man",34,"36"
"1339",1339,"AISNE",49.8,4.05,"09/04/2012","man",17,"02"
"1340",1340,"PAS-DE-CALAIS",50.266667,2.216667,"10/04/2012","woman",26,"62"
"1341",1341,"PAS-DE-CALAIS",50.616667,2.2,"10/04/2012","man",52,"62"
"1342",1342,"ORNE",48.483333,0.616667,"10/04/2012","woman",24,"61"
"1343",1343,"ORNE",48.8493,0.0962,"10/04/2012","man",33,"61"
"1344",1344,"MANCHE",49.333333,-1.5,"10/04/2012","woman",32,"50"
"1345",1345,"VOSGES",48.266667,5.85,"10/04/2012","man",89,"88"
"1346",1346,"VIENNE",46.4,1.15,"10/04/2012","woman",64,"86"
"1347",1347,"VIENNE",46.233333,0.466667,"10/04/2012","man",56,"86"
"1348",1348,"HAUTE-VIENNE",45.883333,1.4,"10/04/2012","woman",9,"87"
"1349",1349,"INDRE",47.083333,1.35,"10/04/2012","man",81,"36"
"1350",1350,"HAUTE-MARNE",48.2333,5.6167,"10/04/2012","woman",23,"52"
"1351",1351,"MANCHE",49.033333,-1.283333,"10/04/2012","woman",31,"50"
"1352",1352,"MANCHE",48.916667,-1.433333,"10/04/2012","man",11,"50"
"1353",1353,"MOSELLE",49.116667,6.533333,"10/04/2012","woman",79,"57"
"1354",1354,"OISE",49.566667,2.4,"10/04/2012","woman",26,"60"
"1355",1355,"INDRE",46.516667,1.65,"11/04/2012","man",53,"36"
"1356",1356,"MAINE-ET-LOIRE",47.133333,-0.9,"11/04/2012","woman",46,"49"
"1357",1357,"ARDENNES",49.433333,4.75,"11/04/2012","woman",83,"08"
"1358",1358,"AISNE",49.983333,3.983333,"11/04/2012","man",70,"02"
"1359",1359,"PAS-DE-CALAIS",50.366667,2.666667,"11/04/2012","woman",46,"62"
"1360",1360,"PAS-DE-CALAIS",50.416667,2.65,"11/04/2012","woman",76,"62"
"1361",1361,"INDRE-ET-LOIRE",47.266667,0.466667,"11/04/2012","woman",3,"37"
"1362",1362,"SOMME",50.1,1.583333,"12/04/2012","woman",48,"80"
"1363",1363,"CHARENTE",45.8,0.55,"12/04/2012","man",47,"16"
"1364",1364,"HAUTE-MARNE",48.216667,4.883333,"12/04/2012","man",48,"52"
"1365",1365,"NORD",50.716667,2.533333,"12/04/2012","man",41,"59"
"1366",1366,"PAS-DE-CALAIS",50.283333,2.466667,"12/04/2012","man",70,"62"
"1367",1367,"NORD",50.266667,3.5,"12/04/2012","man",34,"59"
"1368",1368,"INDRE",47.25,1.65,"12/04/2012","man",0,"36"
"1369",1369,"PAS-DE-CALAIS",50.733333,2.166667,"13/04/2012","woman",90,"62"
"1370",1370,"PAS-DE-CALAIS",50.216667,2.366667,"13/04/2012","man",76,"62"
"1371",1371,"INDRE",47.216667,1.483333,"14/04/2012","man",44,"36"
"1372",1372,"AISNE",49.7,4.083333,"15/04/2012","woman",1,"02"
"1373",1373,"AUBE",48.2,4.433333,"15/04/2012","man",4,"10"
"1374",1374,"CHARENTE",45.95,0.783333,"16/04/2012","woman",11,"16"
"1375",1375,"OISE",49.55,3.066667,"16/04/2012","man",29,"60"
"1376",1376,"MOSELLE",49.183333,6.5,"16/04/2012","woman",85,"57"
"1377",1377,"HAUTE-VIENNE",46.216667,1.166667,"16/04/2012","woman",34,"87"
"1378",1378,"PAS-DE-CALAIS",50.233333,2.566667,"16/04/2012","man",85,"62"
"1379",1379,"MEURTHE-ET-MOSELLE",48.8,6.2,"16/04/2012","woman",14,"54"
"1380",1380,"SEINE-MARITIME",49.883333,1.433333,"16/04/2012","man",81,"76"
"1381",1381,"NORD",50.366667,3.333333,"16/04/2012","woman",35,"59"
"1382",1382,"SOMME",50.016667,2.083333,"17/04/2012","man",12,"80"
"1383",1383,"MANCHE",49.1,-1.25,"17/04/2012","woman",83,"50"
"1384",1384,"AUBE",48.2,4.433333,"17/04/2012","woman",53,"10"
"1385",1385,"AUBE",48.066667,4.216667,"17/04/2012","woman",20,"10"
"1386",1386,"MANCHE",49.333333,-1.533333,"17/04/2012","woman",36,"50"
"1387",1387,"MEUSE",49.3,5.133333,"18/04/2012","man",28,"55"
"1388",1388,"ARDENNES",49.333333,4.583333,"18/04/2012","woman",45,"08"
"1389",1389,"CHARENTE",46,0.85,"18/04/2012","woman",15,"16"
"1390",1390,"CHARENTE",46.033333,0.516667,"18/04/2012","woman",86,"16"
"1391",1391,"SAVOIE",45.35,6.316667,"18/04/2012","man",65,"73"
"1392",1392,"VIENNE",46.516667,1.083333,"19/04/2012","man",36,"86"
"1393",1393,"NORD",50.783333,2.7,"19/04/2012","woman",85,"59"
"1394",1394,"NORD",50.483333,3.2,"19/04/2012","woman",13,"59"
"1395",1395,"NORD",50.1012,3.9118,"19/04/2012","man",47,"59"
"1396",1396,"CHARENTE",45.883333,0.683333,"19/04/2012","woman",1,"16"
"1397",1397,"SARTHE",48.2,0.216667,"20/04/2012","man",69,"72"
"1398",1398,"ORNE",48.85,0.6,"23/04/2012","woman",21,"61"
"1399",1399,"MANCHE",49.516667,-1.683333,"23/04/2012","man",87,"50"
"1400",1400,"ORNE",48.583333,0.283333,"23/04/2012","man",69,"61"
"1401",1401,"ARDENNES",49.316667,4.75,"23/04/2012","man",46,"08"
"1402",1402,"HAUTE-MARNE",48.15,5.65,"23/04/2012","man",34,"52"
